ct,proportion_synthetic_hg38/S0_Pois_cfDNA_hg38_01%neu_10rds_6%zeros,proportion_synthetic_hg38/S0_Pois_cfDNA_hg38_001%neu_10rds_6%zeros,proportion_synthetic_hg38/S0_Pois_cfDNA_hg38_05%neu_10rds_6%zeros,proportion_synthetic_hg38/S0_Pois_cfDNA_hg38_005%neu_10rds_6%zeros,proportion_synthetic_hg38/S0_Pois_cfDNA_hg38_1%neu_10rds_6%zeros,proportion_synthetic_hg38/S0_Pois_cfDNA_hg38_5%neu_10rds_6%zeros,proportion_synthetic_hg38/S1_Pois_cfDNA_hg38_01%neu_10rds_6%zeros,proportion_synthetic_hg38/S1_Pois_cfDNA_hg38_001%neu_10rds_6%zeros,proportion_synthetic_hg38/S1_Pois_cfDNA_hg38_05%neu_10rds_6%zeros,proportion_synthetic_hg38/S1_Pois_cfDNA_hg38_005%neu_10rds_6%zeros,proportion_synthetic_hg38/S1_Pois_cfDNA_hg38_1%neu_10rds_6%zeros,proportion_synthetic_hg38/S1_Pois_cfDNA_hg38_5%neu_10rds_6%zeros,proportion_synthetic_hg38/S2_Pois_cfDNA_hg38_01%neu_10rds_6%zeros,proportion_synthetic_hg38/S2_Pois_cfDNA_hg38_001%neu_10rds_6%zeros,proportion_synthetic_hg38/S2_Pois_cfDNA_hg38_05%neu_10rds_6%zeros,proportion_synthetic_hg38/S2_Pois_cfDNA_hg38_005%neu_10rds_6%zeros,proportion_synthetic_hg38/S2_Pois_cfDNA_hg38_1%neu_10rds_6%zeros,proportion_synthetic_hg38/S2_Pois_cfDNA_hg38_5%neu_10rds_6%zeros,proportion_synthetic_hg38/S3_Pois_cfDNA_hg38_01%neu_10rds_6%zeros,proportion_synthetic_hg38/S3_Pois_cfDNA_hg38_001%neu_10rds_6%zeros,proportion_synthetic_hg38/S3_Pois_cfDNA_hg38_05%neu_10rds_6%zeros,proportion_synthetic_hg38/S3_Pois_cfDNA_hg38_005%neu_10rds_6%zeros,proportion_synthetic_hg38/S3_Pois_cfDNA_hg38_1%neu_10rds_6%zeros,proportion_synthetic_hg38/S3_Pois_cfDNA_hg38_5%neu_10rds_6%zeros,proportion_synthetic_hg38/S4_Pois_cfDNA_hg38_01%neu_10rds_6%zeros,proportion_synthetic_hg38/S4_Pois_cfDNA_hg38_001%neu_10rds_6%zeros,proportion_synthetic_hg38/S4_Pois_cfDNA_hg38_05%neu_10rds_6%zeros,proportion_synthetic_hg38/S4_Pois_cfDNA_hg38_005%neu_10rds_6%zeros,proportion_synthetic_hg38/S4_Pois_cfDNA_hg38_1%neu_10rds_6%zeros,proportion_synthetic_hg38/S4_Pois_cfDNA_hg38_5%neu_10rds_6%zeros,proportion_synthetic_hg38/S5_Pois_cfDNA_hg38_01%neu_10rds_6%zeros,proportion_synthetic_hg38/S5_Pois_cfDNA_hg38_001%neu_10rds_6%zeros,proportion_synthetic_hg38/S5_Pois_cfDNA_hg38_05%neu_10rds_6%zeros,proportion_synthetic_hg38/S5_Pois_cfDNA_hg38_005%neu_10rds_6%zeros,proportion_synthetic_hg38/S5_Pois_cfDNA_hg38_1%neu_10rds_6%zeros,proportion_synthetic_hg38/S5_Pois_cfDNA_hg38_5%neu_10rds_6%zeros,proportion_synthetic_hg38/S6_Pois_cfDNA_hg38_01%neu_10rds_6%zeros,proportion_synthetic_hg38/S6_Pois_cfDNA_hg38_001%neu_10rds_6%zeros,proportion_synthetic_hg38/S6_Pois_cfDNA_hg38_05%neu_10rds_6%zeros,proportion_synthetic_hg38/S6_Pois_cfDNA_hg38_005%neu_10rds_6%zeros,proportion_synthetic_hg38/S6_Pois_cfDNA_hg38_1%neu_10rds_6%zeros,proportion_synthetic_hg38/S6_Pois_cfDNA_hg38_5%neu_10rds_6%zeros,proportion_synthetic_hg38/S7_Pois_cfDNA_hg38_01%neu_10rds_6%zeros,proportion_synthetic_hg38/S7_Pois_cfDNA_hg38_001%neu_10rds_6%zeros,proportion_synthetic_hg38/S7_Pois_cfDNA_hg38_05%neu_10rds_6%zeros,proportion_synthetic_hg38/S7_Pois_cfDNA_hg38_005%neu_10rds_6%zeros,proportion_synthetic_hg38/S7_Pois_cfDNA_hg38_1%neu_10rds_6%zeros,proportion_synthetic_hg38/S7_Pois_cfDNA_hg38_5%neu_10rds_6%zeros,proportion_synthetic_hg38/S8_Pois_cfDNA_hg38_01%neu_10rds_6%zeros,proportion_synthetic_hg38/S8_Pois_cfDNA_hg38_001%neu_10rds_6%zeros,proportion_synthetic_hg38/S8_Pois_cfDNA_hg38_05%neu_10rds_6%zeros,proportion_synthetic_hg38/S8_Pois_cfDNA_hg38_005%neu_10rds_6%zeros,proportion_synthetic_hg38/S8_Pois_cfDNA_hg38_1%neu_10rds_6%zeros,proportion_synthetic_hg38/S8_Pois_cfDNA_hg38_5%neu_10rds_6%zeros,proportion_synthetic_hg38/S9_Pois_cfDNA_hg38_01%neu_10rds_6%zeros,proportion_synthetic_hg38/S9_Pois_cfDNA_hg38_001%neu_10rds_6%zeros,proportion_synthetic_hg38/S9_Pois_cfDNA_hg38_05%neu_10rds_6%zeros,proportion_synthetic_hg38/S9_Pois_cfDNA_hg38_005%neu_10rds_6%zeros,proportion_synthetic_hg38/S9_Pois_cfDNA_hg38_1%neu_10rds_6%zeros,proportion_synthetic_hg38/S9_Pois_cfDNA_hg38_5%neu_10rds_6%zeros,proportion_synthetic_hg38/S0_Pois_cfDNA_hg38_01%neu_20rds_6%zeros,proportion_synthetic_hg38/S0_Pois_cfDNA_hg38_001%neu_20rds_6%zeros,proportion_synthetic_hg38/S0_Pois_cfDNA_hg38_05%neu_20rds_6%zeros,proportion_synthetic_hg38/S0_Pois_cfDNA_hg38_005%neu_20rds_6%zeros,proportion_synthetic_hg38/S0_Pois_cfDNA_hg38_1%neu_20rds_6%zeros,proportion_synthetic_hg38/S0_Pois_cfDNA_hg38_5%neu_20rds_6%zeros,proportion_synthetic_hg38/S1_Pois_cfDNA_hg38_01%neu_20rds_6%zeros,proportion_synthetic_hg38/S1_Pois_cfDNA_hg38_001%neu_20rds_6%zeros,proportion_synthetic_hg38/S1_Pois_cfDNA_hg38_05%neu_20rds_6%zeros,proportion_synthetic_hg38/S1_Pois_cfDNA_hg38_005%neu_20rds_6%zeros,proportion_synthetic_hg38/S1_Pois_cfDNA_hg38_1%neu_20rds_6%zeros,proportion_synthetic_hg38/S1_Pois_cfDNA_hg38_5%neu_20rds_6%zeros,proportion_synthetic_hg38/S2_Pois_cfDNA_hg38_01%neu_20rds_6%zeros,proportion_synthetic_hg38/S2_Pois_cfDNA_hg38_001%neu_20rds_6%zeros,proportion_synthetic_hg38/S2_Pois_cfDNA_hg38_05%neu_20rds_6%zeros,proportion_synthetic_hg38/S2_Pois_cfDNA_hg38_005%neu_20rds_6%zeros,proportion_synthetic_hg38/S2_Pois_cfDNA_hg38_1%neu_20rds_6%zeros,proportion_synthetic_hg38/S2_Pois_cfDNA_hg38_5%neu_20rds_6%zeros,proportion_synthetic_hg38/S3_Pois_cfDNA_hg38_01%neu_20rds_6%zeros,proportion_synthetic_hg38/S3_Pois_cfDNA_hg38_001%neu_20rds_6%zeros,proportion_synthetic_hg38/S3_Pois_cfDNA_hg38_05%neu_20rds_6%zeros,proportion_synthetic_hg38/S3_Pois_cfDNA_hg38_005%neu_20rds_6%zeros,proportion_synthetic_hg38/S3_Pois_cfDNA_hg38_1%neu_20rds_6%zeros,proportion_synthetic_hg38/S3_Pois_cfDNA_hg38_5%neu_20rds_6%zeros,proportion_synthetic_hg38/S4_Pois_cfDNA_hg38_01%neu_20rds_6%zeros,proportion_synthetic_hg38/S4_Pois_cfDNA_hg38_001%neu_20rds_6%zeros,proportion_synthetic_hg38/S4_Pois_cfDNA_hg38_05%neu_20rds_6%zeros,proportion_synthetic_hg38/S4_Pois_cfDNA_hg38_005%neu_20rds_6%zeros,proportion_synthetic_hg38/S4_Pois_cfDNA_hg38_1%neu_20rds_6%zeros,proportion_synthetic_hg38/S4_Pois_cfDNA_hg38_5%neu_20rds_6%zeros,proportion_synthetic_hg38/S5_Pois_cfDNA_hg38_01%neu_20rds_6%zeros,proportion_synthetic_hg38/S5_Pois_cfDNA_hg38_001%neu_20rds_6%zeros,proportion_synthetic_hg38/S5_Pois_cfDNA_hg38_05%neu_20rds_6%zeros,proportion_synthetic_hg38/S5_Pois_cfDNA_hg38_005%neu_20rds_6%zeros,proportion_synthetic_hg38/S5_Pois_cfDNA_hg38_1%neu_20rds_6%zeros,proportion_synthetic_hg38/S5_Pois_cfDNA_hg38_5%neu_20rds_6%zeros,proportion_synthetic_hg38/S6_Pois_cfDNA_hg38_01%neu_20rds_6%zeros,proportion_synthetic_hg38/S6_Pois_cfDNA_hg38_001%neu_20rds_6%zeros,proportion_synthetic_hg38/S6_Pois_cfDNA_hg38_05%neu_20rds_6%zeros,proportion_synthetic_hg38/S6_Pois_cfDNA_hg38_005%neu_20rds_6%zeros,proportion_synthetic_hg38/S6_Pois_cfDNA_hg38_1%neu_20rds_6%zeros,proportion_synthetic_hg38/S6_Pois_cfDNA_hg38_5%neu_20rds_6%zeros,proportion_synthetic_hg38/S7_Pois_cfDNA_hg38_01%neu_20rds_6%zeros,proportion_synthetic_hg38/S7_Pois_cfDNA_hg38_001%neu_20rds_6%zeros,proportion_synthetic_hg38/S7_Pois_cfDNA_hg38_05%neu_20rds_6%zeros,proportion_synthetic_hg38/S7_Pois_cfDNA_hg38_005%neu_20rds_6%zeros,proportion_synthetic_hg38/S7_Pois_cfDNA_hg38_1%neu_20rds_6%zeros,proportion_synthetic_hg38/S7_Pois_cfDNA_hg38_5%neu_20rds_6%zeros,proportion_synthetic_hg38/S8_Pois_cfDNA_hg38_01%neu_20rds_6%zeros,proportion_synthetic_hg38/S8_Pois_cfDNA_hg38_001%neu_20rds_6%zeros,proportion_synthetic_hg38/S8_Pois_cfDNA_hg38_05%neu_20rds_6%zeros,proportion_synthetic_hg38/S8_Pois_cfDNA_hg38_005%neu_20rds_6%zeros,proportion_synthetic_hg38/S8_Pois_cfDNA_hg38_1%neu_20rds_6%zeros,proportion_synthetic_hg38/S8_Pois_cfDNA_hg38_5%neu_20rds_6%zeros,proportion_synthetic_hg38/S9_Pois_cfDNA_hg38_01%neu_20rds_6%zeros,proportion_synthetic_hg38/S9_Pois_cfDNA_hg38_001%neu_20rds_6%zeros,proportion_synthetic_hg38/S9_Pois_cfDNA_hg38_05%neu_20rds_6%zeros,proportion_synthetic_hg38/S9_Pois_cfDNA_hg38_005%neu_20rds_6%zeros,proportion_synthetic_hg38/S9_Pois_cfDNA_hg38_1%neu_20rds_6%zeros,proportion_synthetic_hg38/S9_Pois_cfDNA_hg38_5%neu_20rds_6%zeros,proportion_synthetic_hg38/S0_Pois_cfDNA_hg38_01%neu_30rds_6%zeros,proportion_synthetic_hg38/S0_Pois_cfDNA_hg38_001%neu_30rds_6%zeros,proportion_synthetic_hg38/S0_Pois_cfDNA_hg38_05%neu_30rds_6%zeros,proportion_synthetic_hg38/S0_Pois_cfDNA_hg38_005%neu_30rds_6%zeros,proportion_synthetic_hg38/S0_Pois_cfDNA_hg38_1%neu_30rds_6%zeros,proportion_synthetic_hg38/S0_Pois_cfDNA_hg38_5%neu_30rds_6%zeros,proportion_synthetic_hg38/S1_Pois_cfDNA_hg38_01%neu_30rds_6%zeros,proportion_synthetic_hg38/S1_Pois_cfDNA_hg38_001%neu_30rds_6%zeros,proportion_synthetic_hg38/S1_Pois_cfDNA_hg38_05%neu_30rds_6%zeros,proportion_synthetic_hg38/S1_Pois_cfDNA_hg38_005%neu_30rds_6%zeros,proportion_synthetic_hg38/S1_Pois_cfDNA_hg38_1%neu_30rds_6%zeros,proportion_synthetic_hg38/S1_Pois_cfDNA_hg38_5%neu_30rds_6%zeros,proportion_synthetic_hg38/S2_Pois_cfDNA_hg38_01%neu_30rds_6%zeros,proportion_synthetic_hg38/S2_Pois_cfDNA_hg38_001%neu_30rds_6%zeros,proportion_synthetic_hg38/S2_Pois_cfDNA_hg38_05%neu_30rds_6%zeros,proportion_synthetic_hg38/S2_Pois_cfDNA_hg38_005%neu_30rds_6%zeros,proportion_synthetic_hg38/S2_Pois_cfDNA_hg38_1%neu_30rds_6%zeros,proportion_synthetic_hg38/S2_Pois_cfDNA_hg38_5%neu_30rds_6%zeros,proportion_synthetic_hg38/S3_Pois_cfDNA_hg38_01%neu_30rds_6%zeros,proportion_synthetic_hg38/S3_Pois_cfDNA_hg38_001%neu_30rds_6%zeros,proportion_synthetic_hg38/S3_Pois_cfDNA_hg38_05%neu_30rds_6%zeros,proportion_synthetic_hg38/S3_Pois_cfDNA_hg38_005%neu_30rds_6%zeros,proportion_synthetic_hg38/S3_Pois_cfDNA_hg38_1%neu_30rds_6%zeros,proportion_synthetic_hg38/S3_Pois_cfDNA_hg38_5%neu_30rds_6%zeros,proportion_synthetic_hg38/S4_Pois_cfDNA_hg38_01%neu_30rds_6%zeros,proportion_synthetic_hg38/S4_Pois_cfDNA_hg38_001%neu_30rds_6%zeros,proportion_synthetic_hg38/S4_Pois_cfDNA_hg38_05%neu_30rds_6%zeros,proportion_synthetic_hg38/S4_Pois_cfDNA_hg38_005%neu_30rds_6%zeros,proportion_synthetic_hg38/S4_Pois_cfDNA_hg38_1%neu_30rds_6%zeros,proportion_synthetic_hg38/S4_Pois_cfDNA_hg38_5%neu_30rds_6%zeros,proportion_synthetic_hg38/S5_Pois_cfDNA_hg38_01%neu_30rds_6%zeros,proportion_synthetic_hg38/S5_Pois_cfDNA_hg38_001%neu_30rds_6%zeros,proportion_synthetic_hg38/S5_Pois_cfDNA_hg38_05%neu_30rds_6%zeros,proportion_synthetic_hg38/S5_Pois_cfDNA_hg38_005%neu_30rds_6%zeros,proportion_synthetic_hg38/S5_Pois_cfDNA_hg38_1%neu_30rds_6%zeros,proportion_synthetic_hg38/S5_Pois_cfDNA_hg38_5%neu_30rds_6%zeros,proportion_synthetic_hg38/S6_Pois_cfDNA_hg38_01%neu_30rds_6%zeros,proportion_synthetic_hg38/S6_Pois_cfDNA_hg38_001%neu_30rds_6%zeros,proportion_synthetic_hg38/S6_Pois_cfDNA_hg38_05%neu_30rds_6%zeros,proportion_synthetic_hg38/S6_Pois_cfDNA_hg38_005%neu_30rds_6%zeros,proportion_synthetic_hg38/S6_Pois_cfDNA_hg38_1%neu_30rds_6%zeros,proportion_synthetic_hg38/S6_Pois_cfDNA_hg38_5%neu_30rds_6%zeros,proportion_synthetic_hg38/S7_Pois_cfDNA_hg38_01%neu_30rds_6%zeros,proportion_synthetic_hg38/S7_Pois_cfDNA_hg38_001%neu_30rds_6%zeros,proportion_synthetic_hg38/S7_Pois_cfDNA_hg38_05%neu_30rds_6%zeros,proportion_synthetic_hg38/S7_Pois_cfDNA_hg38_005%neu_30rds_6%zeros,proportion_synthetic_hg38/S7_Pois_cfDNA_hg38_1%neu_30rds_6%zeros,proportion_synthetic_hg38/S7_Pois_cfDNA_hg38_5%neu_30rds_6%zeros,proportion_synthetic_hg38/S8_Pois_cfDNA_hg38_01%neu_30rds_6%zeros,proportion_synthetic_hg38/S8_Pois_cfDNA_hg38_001%neu_30rds_6%zeros,proportion_synthetic_hg38/S8_Pois_cfDNA_hg38_05%neu_30rds_6%zeros,proportion_synthetic_hg38/S8_Pois_cfDNA_hg38_005%neu_30rds_6%zeros,proportion_synthetic_hg38/S8_Pois_cfDNA_hg38_1%neu_30rds_6%zeros,proportion_synthetic_hg38/S8_Pois_cfDNA_hg38_5%neu_30rds_6%zeros,proportion_synthetic_hg38/S9_Pois_cfDNA_hg38_01%neu_30rds_6%zeros,proportion_synthetic_hg38/S9_Pois_cfDNA_hg38_001%neu_30rds_6%zeros,proportion_synthetic_hg38/S9_Pois_cfDNA_hg38_05%neu_30rds_6%zeros,proportion_synthetic_hg38/S9_Pois_cfDNA_hg38_005%neu_30rds_6%zeros,proportion_synthetic_hg38/S9_Pois_cfDNA_hg38_1%neu_30rds_6%zeros,proportion_synthetic_hg38/S9_Pois_cfDNA_hg38_5%neu_30rds_6%zeros
Pancreas_Duct,0.0000,0.0000,0.0000,0.0000,0.0009,0.0000,0.0000,0.0000,0.0000,0.0000,0.0000,0.0003,0.0000,0.0000,0.0000,0.0001,0.0000,0.0000,0.0000,0.0011,0.0000,0.0000,0.0000,0.0000,0.0000,0.0000,0.0011,0.0000,0.0000,0.0000,0.0000,0.0000,0.0000,0.0000,0.0000,0.0000,0.0000,0.0000,0.0000,0.0000,0.0000,0.0000,0.0028,0.0000,0.0000,0.0000,0.0006,0.0000,0.0000,0.0000,0.0004,0.0000,0.0000,0.0000,0.0000,0.0000,0.0000,0.0000,0.0000,0.0011,0.0000,0.0005,0.0000,0.0000,0.0009,0.0000,0.0000,0.0000,0.0002,0.0000,0.0005,0.0003,0.0008,0.0000,0.0000,0.0000,0.0000,0.0000,0.0000,0.0000,0.0000,0.0013,0.0000,0.0000,0.0000,0.0000,0.0000,0.0000,0.0003,0.0003,0.0000,0.0000,0.0000,0.0003,0.0013,0.0000,0.0000,0.0000,0.0003,0.0000,0.0000,0.0000,0.0000,0.0000,0.0000,0.0000,0.0000,0.0009,0.0000,0.0000,0.0001,0.0000,0.0015,0.0008,0.0000,0.0002,0.0002,0.0000,0.0009,0.0000,0.0000,0.0000,0.0000,0.0000,0.0000,0.0000,0.0000,0.0000,0.0001,0.0000,0.0000,0.0000,0.0001,0.0000,0.0000,0.0000,0.0000,0.0000,0.0000,0.0000,0.0000,0.0000,0.0000,0.0000,0.0000,0.0000,0.0000,0.0000,0.0000,0.0027,0.0000,0.0000,0.0010,0.0008,0.0000,0.0000,0.0006,0.0000,0.0000,0.0010,0.0000,0.0000,0.0000,0.0000,0.0000,0.0000,0.0000,0.0000,0.0007,0.0000,0.0000,0.0000,0.0000,0.0000,0.0001,0.0000,0.0000,0.0004,0.0001,0.0000
Epid_Kerat,0.0000,0.0003,0.0000,0.0000,0.0000,0.0009,0.0003,0.0000,0.0003,0.0000,0.0000,0.0000,0.0000,0.0000,0.0000,0.0000,0.0000,0.0002,0.0000,0.0000,0.0001,0.0000,0.0000,0.0000,0.0000,0.0000,0.0000,0.0000,0.0000,0.0000,0.0000,0.0000,0.0000,0.0000,0.0000,0.0000,0.0000,0.0000,0.0009,0.0000,0.0000,0.0000,0.0000,0.0000,0.0000,0.0000,0.0000,0.0000,0.0000,0.0000,0.0000,0.0000,0.0002,0.0000,0.0000,0.0001,0.0000,0.0003,0.0000,0.0000,0.0006,0.0003,0.0000,0.0000,0.0000,0.0000,0.0000,0.0000,0.0009,0.0000,0.0000,0.0000,0.0000,0.0005,0.0000,0.0000,0.0000,0.0003,0.0000,0.0000,0.0000,0.0000,0.0000,0.0000,0.0000,0.0000,0.0000,0.0004,0.0000,0.0003,0.0000,0.0000,0.0000,0.0000,0.0000,0.0000,0.0021,0.0000,0.0000,0.0000,0.0000,0.0000,0.0005,0.0000,0.0000,0.0004,0.0000,0.0000,0.0000,0.0000,0.0010,0.0000,0.0000,0.0000,0.0000,0.0000,0.0001,0.0000,0.0004,0.0000,0.0000,0.0000,0.0000,0.0000,0.0006,0.0000,0.0000,0.0000,0.0000,0.0000,0.0000,0.0000,0.0013,0.0000,0.0000,0.0011,0.0000,0.0002,0.0000,0.0000,0.0006,0.0000,0.0000,0.0000,0.0000,0.0000,0.0018,0.0000,0.0000,0.0000,0.0000,0.0000,0.0000,0.0000,0.0000,0.0008,0.0000,0.0000,0.0000,0.0000,0.0000,0.0000,0.0000,0.0000,0.0005,0.0000,0.0001,0.0000,0.0000,0.0007,0.0000,0.0000,0.0000,0.0000,0.0000,0.0000,0.0000,0.0000,0.0004,0.0000
Endothel,0.1370,0.1361,0.1357,0.1362,0.1341,0.1264,0.1334,0.1356,0.1342,0.1354,0.1345,0.1232,0.1371,0.1338,0.1315,0.1341,0.1346,0.1239,0.1382,0.1335,0.1301,0.1347,0.1344,0.1256,0.1341,0.1363,0.1401,0.1389,0.1314,0.1285,0.1359,0.1372,0.1300,0.1341,0.1301,0.1294,0.1350,0.1375,0.1332,0.1355,0.1333,0.1332,0.1319,0.1385,0.1377,0.1373,0.1319,0.1312,0.1355,0.1385,0.1357,0.1358,0.1348,0.1292,0.1347,0.1336,0.1402,0.1344,0.1354,0.1296,0.1358,0.1324,0.1351,0.1332,0.1379,0.1291,0.1353,0.1373,0.1357,0.1342,0.1371,0.1286,0.1351,0.1341,0.1365,0.1370,0.1356,0.1281,0.1367,0.1361,0.1361,0.1349,0.1316,0.1274,0.1355,0.1377,0.1364,0.1350,0.1372,0.1297,0.1362,0.1359,0.1361,0.1362,0.1346,0.1312,0.1321,0.1366,0.1376,0.1362,0.1358,0.1281,0.1345,0.1350,0.1348,0.1357,0.1363,0.1304,0.1350,0.1372,0.1362,0.1340,0.1374,0.1280,0.1344,0.1366,0.1352,0.1389,0.1367,0.1250,0.1354,0.1347,0.1359,0.1344,0.1352,0.1300,0.1350,0.1351,0.1303,0.1339,0.1369,0.1304,0.1376,0.1373,0.1370,0.1348,0.1348,0.1315,0.1355,0.1358,0.1352,0.1349,0.1342,0.1303,0.1395,0.1384,0.1346,0.1365,0.1356,0.1278,0.1343,0.1342,0.1351,0.1350,0.1376,0.1286,0.1364,0.1367,0.1354,0.1369,0.1349,0.1285,0.1382,0.1360,0.1340,0.1384,0.1314,0.1293,0.1357,0.1364,0.1370,0.1346,0.1339,0.1268,0.1358,0.1386,0.1374,0.1340,0.1358,0.1305
Breast_Basal_Ep,0.0000,0.0000,0.0002,0.0000,0.0000,0.0000,0.0000,0.0000,0.0000,0.0000,0.0000,0.0000,0.0007,0.0000,0.0000,0.0000,0.0005,0.0000,0.0008,0.0005,0.0004,0.0000,0.0000,0.0000,0.0002,0.0000,0.0000,0.0000,0.0000,0.0000,0.0000,0.0000,0.0000,0.0000,0.0000,0.0001,0.0009,0.0000,0.0000,0.0000,0.0000,0.0000,0.0000,0.0000,0.0000,0.0000,0.0000,0.0000,0.0000,0.0000,0.0000,0.0000,0.0002,0.0000,0.0000,0.0000,0.0002,0.0000,0.0000,0.0000,0.0000,0.0003,0.0000,0.0000,0.0000,0.0004,0.0000,0.0000,0.0000,0.0015,0.0000,0.0000,0.0000,0.0000,0.0000,0.0000,0.0000,0.0000,0.0013,0.0010,0.0000,0.0010,0.0001,0.0000,0.0000,0.0000,0.0000,0.0009,0.0000,0.0000,0.0000,0.0000,0.0003,0.0000,0.0004,0.0000,0.0000,0.0004,0.0000,0.0000,0.0000,0.0000,0.0000,0.0000,0.0001,0.0001,0.0000,0.0000,0.0000,0.0000,0.0000,0.0000,0.0000,0.0000,0.0000,0.0000,0.0006,0.0000,0.0001,0.0000,0.0000,0.0002,0.0000,0.0000,0.0015,0.0000,0.0000,0.0000,0.0000,0.0004,0.0000,0.0009,0.0000,0.0000,0.0012,0.0000,0.0000,0.0000,0.0000,0.0000,0.0000,0.0000,0.0000,0.0000,0.0000,0.0000,0.0000,0.0000,0.0000,0.0000,0.0000,0.0000,0.0000,0.0000,0.0000,0.0000,0.0000,0.0000,0.0000,0.0000,0.0000,0.0000,0.0005,0.0000,0.0000,0.0000,0.0000,0.0002,0.0001,0.0000,0.0000,0.0000,0.0000,0.0000,0.0000,0.0001,0.0000,0.0000,0.0000,0.0000
Liver_Hep,0.0455,0.0442,0.0433,0.0443,0.0438,0.0413,0.0461,0.0453,0.0465,0.0470,0.0458,0.0425,0.0433,0.0461,0.0424,0.0444,0.0455,0.0425,0.0432,0.0453,0.0447,0.0441,0.0448,0.0421,0.0454,0.0452,0.0452,0.0439,0.0424,0.0433,0.0447,0.0450,0.0436,0.0459,0.0433,0.0448,0.0464,0.0450,0.0463,0.0452,0.0454,0.0418,0.0435,0.0433,0.0448,0.0439,0.0437,0.0427,0.0456,0.0443,0.0443,0.0451,0.0457,0.0445,0.0466,0.0439,0.0443,0.0442,0.0455,0.0430,0.0442,0.0445,0.0451,0.0452,0.0436,0.0430,0.0458,0.0456,0.0450,0.0452,0.0430,0.0434,0.0466,0.0458,0.0433,0.0458,0.0447,0.0438,0.0450,0.0455,0.0457,0.0455,0.0441,0.0431,0.0439,0.0462,0.0438,0.0444,0.0452,0.0432,0.0444,0.0449,0.0457,0.0437,0.0457,0.0432,0.0453,0.0453,0.0449,0.0447,0.0444,0.0439,0.0445,0.0455,0.0446,0.0468,0.0448,0.0423,0.0465,0.0459,0.0449,0.0459,0.0446,0.0422,0.0458,0.0448,0.0438,0.0437,0.0450,0.0424,0.0454,0.0464,0.0446,0.0440,0.0456,0.0424,0.0452,0.0453,0.0453,0.0454,0.0445,0.0424,0.0442,0.0448,0.0434,0.0456,0.0441,0.0429,0.0435,0.0449,0.0442,0.0455,0.0447,0.0429,0.0449,0.0453,0.0455,0.0445,0.0432,0.0431,0.0448,0.0424,0.0441,0.0438,0.0438,0.0409,0.0454,0.0435,0.0442,0.0433,0.0436,0.0434,0.0433,0.0461,0.0447,0.0446,0.0436,0.0420,0.0450,0.0457,0.0428,0.0460,0.0459,0.0425,0.0451,0.0454,0.0432,0.0454,0.0456,0.0448
Colon_Fibro,0.0000,0.0000,0.0000,0.0015,0.0000,0.0011,0.0006,0.0000,0.0000,0.0000,0.0000,0.0015,0.0000,0.0000,0.0000,0.0007,0.0000,0.0000,0.0000,0.0000,0.0000,0.0000,0.0000,0.0000,0.0000,0.0000,0.0008,0.0000,0.0000,0.0000,0.0000,0.0000,0.0056,0.0000,0.0000,0.0000,0.0000,0.0000,0.0000,0.0000,0.0009,0.0000,0.0000,0.0001,0.0000,0.0000,0.0000,0.0000,0.0000,0.0000,0.0000,0.0000,0.0000,0.0012,0.0000,0.0016,0.0000,0.0003,0.0000,0.0004,0.0014,0.0000,0.0000,0.0000,0.0000,0.0000,0.0000,0.0000,0.0000,0.0000,0.0000,0.0000,0.0000,0.0000,0.0000,0.0000,0.0000,0.0005,0.0000,0.0005,0.0000,0.0019,0.0000,0.0000,0.0008,0.0000,0.0000,0.0000,0.0000,0.0013,0.0000,0.0001,0.0004,0.0000,0.0000,0.0000,0.0014,0.0000,0.0011,0.0000,0.0000,0.0000,0.0000,0.0000,0.0000,0.0000,0.0001,0.0000,0.0000,0.0000,0.0000,0.0000,0.0000,0.0000,0.0020,0.0000,0.0000,0.0000,0.0000,0.0000,0.0000,0.0000,0.0000,0.0000,0.0000,0.0015,0.0000,0.0000,0.0005,0.0008,0.0000,0.0000,0.0000,0.0000,0.0000,0.0000,0.0004,0.0000,0.0000,0.0000,0.0000,0.0000,0.0000,0.0000,0.0000,0.0000,0.0000,0.0000,0.0016,0.0008,0.0009,0.0000,0.0011,0.0001,0.0000,0.0016,0.0000,0.0000,0.0000,0.0000,0.0000,0.0000,0.0000,0.0000,0.0000,0.0000,0.0000,0.0000,0.0003,0.0000,0.0000,0.0000,0.0000,0.0000,0.0000,0.0000,0.0000,0.0000,0.0000,0.0000
Neuron,0.0006,0.0000,0.0057,0.0000,0.0100,0.0499,0.0009,0.0000,0.0054,0.0006,0.0094,0.0496,0.0014,0.0002,0.0055,0.0011,0.0100,0.0483,0.0021,0.0000,0.0045,0.0009,0.0099,0.0502,0.0005,0.0000,0.0042,0.0017,0.0090,0.0496,0.0007,0.0000,0.0040,0.0000,0.0099,0.0495,0.0014,0.0000,0.0032,0.0009,0.0098,0.0496,0.0026,0.0000,0.0050,0.0006,0.0095,0.0493,0.0000,0.0000,0.0042,0.0010,0.0087,0.0500,0.0011,0.0012,0.0037,0.0012,0.0099,0.0497,0.0000,0.0013,0.0052,0.0015,0.0084,0.0504,0.0003,0.0001,0.0043,0.0007,0.0104,0.0511,0.0001,0.0000,0.0049,0.0003,0.0099,0.0495,0.0000,0.0003,0.0058,0.0001,0.0090,0.0499,0.0016,0.0000,0.0054,0.0000,0.0097,0.0506,0.0018,0.0011,0.0059,0.0005,0.0091,0.0498,0.0015,0.0000,0.0047,0.0000,0.0089,0.0506,0.0006,0.0000,0.0047,0.0009,0.0104,0.0491,0.0015,0.0001,0.0042,0.0007,0.0098,0.0502,0.0009,0.0004,0.0037,0.0000,0.0108,0.0495,0.0000,0.0000,0.0046,0.0006,0.0092,0.0494,0.0018,0.0008,0.0055,0.0011,0.0086,0.0495,0.0014,0.0000,0.0026,0.0000,0.0095,0.0497,0.0013,0.0000,0.0063,0.0000,0.0113,0.0498,0.0012,0.0000,0.0045,0.0000,0.0104,0.0492,0.0000,0.0000,0.0041,0.0001,0.0100,0.0497,0.0012,0.0000,0.0054,0.0021,0.0120,0.0511,0.0001,0.0008,0.0049,0.0007,0.0108,0.0498,0.0012,0.0000,0.0052,0.0001,0.0085,0.0497,0.0014,0.0003,0.0062,0.0000,0.0101,0.0502
Ovary_Ep,0.0000,0.0000,0.0000,0.0000,0.0000,0.0000,0.0001,0.0000,0.0000,0.0000,0.0000,0.0000,0.0009,0.0000,0.0000,0.0000,0.0004,0.0000,0.0000,0.0000,0.0000,0.0000,0.0005,0.0000,0.0000,0.0000,0.0000,0.0005,0.0003,0.0000,0.0000,0.0000,0.0005,0.0000,0.0000,0.0000,0.0000,0.0000,0.0000,0.0000,0.0000,0.0000,0.0000,0.0000,0.0000,0.0004,0.0000,0.0000,0.0000,0.0000,0.0000,0.0000,0.0000,0.0000,0.0000,0.0000,0.0000,0.0000,0.0000,0.0000,0.0012,0.0000,0.0004,0.0007,0.0000,0.0000,0.0000,0.0001,0.0000,0.0000,0.0000,0.0000,0.0000,0.0000,0.0000,0.0000,0.0011,0.0000,0.0000,0.0000,0.0000,0.0000,0.0000,0.0000,0.0007,0.0000,0.0000,0.0000,0.0000,0.0000,0.0000,0.0000,0.0000,0.0000,0.0000,0.0000,0.0000,0.0000,0.0000,0.0000,0.0000,0.0000,0.0000,0.0000,0.0000,0.0000,0.0000,0.0000,0.0005,0.0000,0.0000,0.0000,0.0000,0.0004,0.0000,0.0000,0.0000,0.0000,0.0000,0.0000,0.0000,0.0000,0.0008,0.0000,0.0000,0.0004,0.0000,0.0000,0.0000,0.0000,0.0000,0.0000,0.0000,0.0000,0.0000,0.0000,0.0000,0.0000,0.0002,0.0000,0.0000,0.0000,0.0004,0.0000,0.0008,0.0000,0.0000,0.0001,0.0000,0.0000,0.0000,0.0000,0.0000,0.0011,0.0000,0.0000,0.0000,0.0000,0.0000,0.0000,0.0006,0.0000,0.0003,0.0000,0.0010,0.0000,0.0000,0.0000,0.0000,0.0006,0.0000,0.0000,0.0000,0.0000,0.0000,0.0007,0.0000,0.0000,0.0000,0.0010
Skeletal_Musc,0.0000,0.0000,0.0000,0.0000,0.0000,0.0000,0.0000,0.0000,0.0000,0.0004,0.0000,0.0000,0.0000,0.0008,0.0001,0.0001,0.0000,0.0000,0.0000,0.0000,0.0000,0.0000,0.0000,0.0017,0.0000,0.0000,0.0000,0.0000,0.0000,0.0009,0.0001,0.0000,0.0000,0.0002,0.0000,0.0000,0.0000,0.0000,0.0000,0.0000,0.0000,0.0000,0.0000,0.0000,0.0000,0.0000,0.0000,0.0000,0.0037,0.0013,0.0024,0.0000,0.0000,0.0000,0.0000,0.0012,0.0005,0.0000,0.0001,0.0000,0.0000,0.0004,0.0000,0.0000,0.0000,0.0000,0.0000,0.0000,0.0000,0.0000,0.0000,0.0000,0.0000,0.0000,0.0004,0.0000,0.0000,0.0000,0.0000,0.0000,0.0000,0.0009,0.0000,0.0008,0.0000,0.0000,0.0009,0.0000,0.0000,0.0008,0.0000,0.0000,0.0000,0.0000,0.0000,0.0000,0.0004,0.0000,0.0000,0.0000,0.0000,0.0000,0.0000,0.0000,0.0006,0.0005,0.0000,0.0000,0.0003,0.0000,0.0000,0.0000,0.0000,0.0000,0.0000,0.0000,0.0000,0.0000,0.0000,0.0000,0.0009,0.0000,0.0000,0.0000,0.0000,0.0000,0.0000,0.0000,0.0006,0.0000,0.0000,0.0000,0.0006,0.0000,0.0000,0.0003,0.0000,0.0000,0.0001,0.0000,0.0000,0.0000,0.0001,0.0000,0.0000,0.0003,0.0000,0.0017,0.0000,0.0002,0.0000,0.0000,0.0006,0.0000,0.0000,0.0000,0.0000,0.0000,0.0000,0.0000,0.0004,0.0020,0.0000,0.0000,0.0001,0.0000,0.0008,0.0000,0.0003,0.0000,0.0000,0.0000,0.0000,0.0006,0.0000,0.0000,0.0000,0.0003,0.0000,0.0006
Pancreas_Beta,0.0000,0.0009,0.0000,0.0000,0.0000,0.0002,0.0000,0.0000,0.0001,0.0000,0.0000,0.0000,0.0000,0.0000,0.0011,0.0003,0.0000,0.0000,0.0000,0.0014,0.0000,0.0000,0.0000,0.0008,0.0000,0.0000,0.0000,0.0000,0.0000,0.0000,0.0000,0.0000,0.0000,0.0000,0.0015,0.0000,0.0000,0.0000,0.0000,0.0000,0.0000,0.0005,0.0000,0.0000,0.0000,0.0000,0.0000,0.0000,0.0000,0.0000,0.0002,0.0000,0.0000,0.0000,0.0000,0.0000,0.0000,0.0000,0.0002,0.0000,0.0000,0.0000,0.0000,0.0000,0.0000,0.0000,0.0006,0.0000,0.0000,0.0000,0.0007,0.0000,0.0000,0.0003,0.0000,0.0000,0.0000,0.0012,0.0000,0.0000,0.0000,0.0000,0.0000,0.0008,0.0007,0.0008,0.0000,0.0000,0.0000,0.0000,0.0000,0.0000,0.0001,0.0000,0.0000,0.0010,0.0000,0.0006,0.0000,0.0000,0.0000,0.0000,0.0000,0.0000,0.0000,0.0000,0.0000,0.0000,0.0000,0.0000,0.0000,0.0000,0.0000,0.0000,0.0000,0.0000,0.0000,0.0000,0.0000,0.0000,0.0007,0.0000,0.0000,0.0000,0.0000,0.0000,0.0000,0.0000,0.0001,0.0000,0.0000,0.0000,0.0000,0.0000,0.0000,0.0000,0.0000,0.0000,0.0000,0.0000,0.0000,0.0000,0.0000,0.0000,0.0000,0.0000,0.0000,0.0000,0.0007,0.0000,0.0003,0.0000,0.0000,0.0000,0.0000,0.0000,0.0000,0.0000,0.0010,0.0000,0.0000,0.0000,0.0000,0.0000,0.0003,0.0000,0.0000,0.0000,0.0000,0.0000,0.0000,0.0000,0.0000,0.0000,0.0000,0.0000,0.0000,0.0005,0.0000,0.0000
Heart_Cardio,0.0006,0.0000,0.0000,0.0000,0.0000,0.0003,0.0000,0.0014,0.0000,0.0005,0.0010,0.0010,0.0000,0.0000,0.0000,0.0000,0.0010,0.0000,0.0000,0.0006,0.0000,0.0000,0.0000,0.0003,0.0004,0.0000,0.0001,0.0000,0.0020,0.0008,0.0000,0.0001,0.0000,0.0000,0.0000,0.0000,0.0000,0.0000,0.0011,0.0000,0.0000,0.0006,0.0011,0.0015,0.0011,0.0008,0.0008,0.0000,0.0000,0.0002,0.0000,0.0000,0.0005,0.0000,0.0000,0.0000,0.0000,0.0000,0.0000,0.0000,0.0008,0.0000,0.0000,0.0003,0.0000,0.0009,0.0000,0.0000,0.0001,0.0000,0.0006,0.0000,0.0000,0.0000,0.0006,0.0000,0.0000,0.0001,0.0000,0.0000,0.0002,0.0011,0.0012,0.0000,0.0003,0.0000,0.0000,0.0000,0.0000,0.0000,0.0000,0.0000,0.0000,0.0007,0.0000,0.0000,0.0000,0.0000,0.0000,0.0000,0.0000,0.0000,0.0008,0.0003,0.0000,0.0000,0.0000,0.0002,0.0000,0.0000,0.0000,0.0000,0.0000,0.0000,0.0003,0.0000,0.0000,0.0000,0.0000,0.0001,0.0003,0.0003,0.0000,0.0000,0.0000,0.0000,0.0000,0.0000,0.0000,0.0000,0.0000,0.0000,0.0000,0.0000,0.0006,0.0000,0.0005,0.0000,0.0000,0.0000,0.0000,0.0000,0.0006,0.0000,0.0000,0.0009,0.0001,0.0000,0.0000,0.0001,0.0007,0.0009,0.0000,0.0004,0.0000,0.0006,0.0000,0.0005,0.0000,0.0000,0.0000,0.0000,0.0000,0.0000,0.0000,0.0000,0.0000,0.0003,0.0000,0.0000,0.0000,0.0000,0.0000,0.0000,0.0000,0.0000,0.0000,0.0012,0.0000,0.0000
Blood_Mono_Macro,0.2167,0.2121,0.2201,0.2143,0.2235,0.2013,0.2068,0.2166,0.2187,0.2116,0.2158,0.2096,0.2154,0.2162,0.2246,0.2154,0.2077,0.2081,0.2184,0.2176,0.2183,0.2158,0.2153,0.2059,0.2146,0.2187,0.2093,0.2174,0.2102,0.2014,0.2213,0.2135,0.2180,0.2239,0.2148,0.2120,0.2172,0.2098,0.2208,0.2135,0.2141,0.2086,0.2103,0.2156,0.2113,0.2258,0.2157,0.2080,0.2177,0.2172,0.2225,0.2141,0.2133,0.2068,0.2211,0.2163,0.2104,0.2093,0.2135,0.2066,0.2092,0.2171,0.2194,0.2142,0.2122,0.2086,0.2129,0.2187,0.2143,0.2148,0.2087,0.2009,0.2129,0.2168,0.2142,0.2186,0.2169,0.2045,0.2160,0.2102,0.2142,0.2131,0.2103,0.2083,0.2128,0.2142,0.2175,0.2127,0.2108,0.2043,0.2165,0.2160,0.2181,0.2118,0.2123,0.2070,0.2098,0.2173,0.2137,0.2153,0.2122,0.2066,0.2225,0.2166,0.2183,0.2031,0.2129,0.1997,0.2217,0.2127,0.2211,0.2201,0.2142,0.1990,0.2162,0.2143,0.2207,0.2091,0.2157,0.2111,0.2174,0.2131,0.2132,0.2134,0.2112,0.2075,0.2180,0.2166,0.2082,0.2224,0.2136,0.2030,0.2195,0.2144,0.2205,0.2152,0.2114,0.2050,0.2155,0.2139,0.2121,0.2198,0.2126,0.2072,0.2122,0.2118,0.2112,0.2196,0.2158,0.2072,0.2131,0.2199,0.2063,0.2201,0.2142,0.2095,0.2243,0.2163,0.2126,0.2158,0.2109,0.2054,0.2174,0.2141,0.2129,0.2172,0.2128,0.2076,0.2184,0.2108,0.2209,0.2115,0.2065,0.2082,0.2216,0.2166,0.2143,0.2114,0.2089,0.2067
Heart_Fibro,0.0000,0.0000,0.0000,0.0000,0.0000,0.0002,0.0000,0.0001,0.0000,0.0000,0.0003,0.0007,0.0000,0.0000,0.0000,0.0000,0.0000,0.0000,0.0000,0.0000,0.0000,0.0000,0.0000,0.0000,0.0000,0.0000,0.0000,0.0000,0.0000,0.0000,0.0000,0.0000,0.0000,0.0000,0.0019,0.0000,0.0000,0.0000,0.0000,0.0000,0.0000,0.0001,0.0000,0.0000,0.0000,0.0000,0.0000,0.0000,0.0000,0.0000,0.0000,0.0000,0.0007,0.0000,0.0000,0.0006,0.0000,0.0000,0.0000,0.0000,0.0000,0.0000,0.0000,0.0000,0.0000,0.0000,0.0026,0.0000,0.0000,0.0000,0.0000,0.0000,0.0000,0.0000,0.0000,0.0000,0.0000,0.0000,0.0001,0.0000,0.0000,0.0000,0.0000,0.0001,0.0000,0.0001,0.0000,0.0000,0.0000,0.0000,0.0000,0.0000,0.0000,0.0020,0.0021,0.0000,0.0000,0.0002,0.0000,0.0004,0.0002,0.0015,0.0000,0.0005,0.0000,0.0010,0.0000,0.0000,0.0006,0.0000,0.0000,0.0033,0.0000,0.0000,0.0007,0.0000,0.0000,0.0002,0.0000,0.0012,0.0000,0.0006,0.0000,0.0000,0.0000,0.0000,0.0000,0.0000,0.0000,0.0002,0.0000,0.0000,0.0000,0.0000,0.0000,0.0006,0.0000,0.0000,0.0000,0.0000,0.0002,0.0000,0.0010,0.0000,0.0000,0.0000,0.0000,0.0000,0.0000,0.0000,0.0001,0.0000,0.0000,0.0001,0.0006,0.0000,0.0000,0.0010,0.0000,0.0000,0.0000,0.0000,0.0007,0.0000,0.0001,0.0000,0.0018,0.0000,0.0000,0.0000,0.0000,0.0013,0.0003,0.0004,0.0000,0.0000,0.0000,0.0000,0.0000,0.0000
Small_Int_Ep,0.0000,0.0000,0.0005,0.0000,0.0000,0.0000,0.0000,0.0000,0.0000,0.0000,0.0000,0.0000,0.0000,0.0000,0.0000,0.0000,0.0000,0.0000,0.0000,0.0000,0.0000,0.0000,0.0000,0.0000,0.0008,0.0000,0.0000,0.0000,0.0000,0.0000,0.0000,0.0000,0.0000,0.0000,0.0000,0.0000,0.0000,0.0000,0.0000,0.0000,0.0000,0.0000,0.0000,0.0000,0.0000,0.0000,0.0000,0.0000,0.0000,0.0000,0.0000,0.0000,0.0000,0.0000,0.0000,0.0000,0.0011,0.0000,0.0000,0.0000,0.0000,0.0000,0.0000,0.0000,0.0000,0.0000,0.0000,0.0000,0.0000,0.0000,0.0000,0.0000,0.0000,0.0003,0.0000,0.0000,0.0000,0.0000,0.0000,0.0008,0.0000,0.0003,0.0000,0.0001,0.0000,0.0000,0.0000,0.0000,0.0000,0.0000,0.0000,0.0000,0.0000,0.0000,0.0000,0.0000,0.0000,0.0000,0.0000,0.0000,0.0000,0.0000,0.0000,0.0000,0.0000,0.0001,0.0000,0.0000,0.0000,0.0000,0.0000,0.0000,0.0000,0.0000,0.0000,0.0000,0.0000,0.0000,0.0000,0.0015,0.0007,0.0000,0.0000,0.0000,0.0000,0.0000,0.0000,0.0000,0.0000,0.0000,0.0000,0.0012,0.0000,0.0004,0.0000,0.0000,0.0000,0.0000,0.0000,0.0000,0.0000,0.0000,0.0000,0.0000,0.0000,0.0003,0.0000,0.0011,0.0003,0.0000,0.0000,0.0000,0.0000,0.0000,0.0000,0.0000,0.0000,0.0002,0.0000,0.0000,0.0001,0.0000,0.0007,0.0000,0.0000,0.0000,0.0000,0.0000,0.0000,0.0001,0.0005,0.0000,0.0000,0.0000,0.0000,0.0000,0.0000,0.0009,0.0000,0.0000
Oligodend,0.0000,0.0005,0.0000,0.0000,0.0000,0.0000,0.0004,0.0000,0.0000,0.0000,0.0000,0.0000,0.0004,0.0002,0.0000,0.0000,0.0007,0.0000,0.0000,0.0000,0.0012,0.0005,0.0000,0.0000,0.0000,0.0000,0.0000,0.0000,0.0006,0.0000,0.0000,0.0005,0.0010,0.0006,0.0005,0.0007,0.0000,0.0007,0.0000,0.0001,0.0000,0.0000,0.0000,0.0000,0.0000,0.0000,0.0000,0.0006,0.0000,0.0003,0.0000,0.0000,0.0000,0.0000,0.0001,0.0001,0.0000,0.0000,0.0000,0.0000,0.0000,0.0000,0.0004,0.0000,0.0007,0.0000,0.0000,0.0001,0.0000,0.0000,0.0000,0.0000,0.0003,0.0000,0.0000,0.0000,0.0000,0.0000,0.0000,0.0000,0.0006,0.0000,0.0002,0.0000,0.0000,0.0000,0.0000,0.0000,0.0000,0.0000,0.0000,0.0000,0.0000,0.0002,0.0000,0.0000,0.0000,0.0000,0.0000,0.0005,0.0003,0.0000,0.0000,0.0000,0.0000,0.0000,0.0000,0.0010,0.0000,0.0000,0.0000,0.0003,0.0000,0.0005,0.0003,0.0000,0.0000,0.0000,0.0000,0.0000,0.0000,0.0001,0.0009,0.0000,0.0000,0.0000,0.0003,0.0000,0.0000,0.0000,0.0000,0.0000,0.0007,0.0000,0.0000,0.0000,0.0004,0.0000,0.0006,0.0000,0.0003,0.0000,0.0000,0.0000,0.0005,0.0000,0.0009,0.0000,0.0000,0.0010,0.0000,0.0000,0.0000,0.0000,0.0000,0.0006,0.0001,0.0000,0.0000,0.0005,0.0000,0.0000,0.0000,0.0000,0.0000,0.0000,0.0000,0.0000,0.0000,0.0004,0.0000,0.0007,0.0000,0.0004,0.0000,0.0000,0.0000,0.0004,0.0000,0.0000
Kidney_Ep,0.0000,0.0000,0.0006,0.0000,0.0000,0.0000,0.0000,0.0004,0.0000,0.0000,0.0000,0.0000,0.0000,0.0000,0.0000,0.0009,0.0000,0.0000,0.0000,0.0000,0.0000,0.0000,0.0000,0.0000,0.0000,0.0000,0.0007,0.0000,0.0017,0.0006,0.0000,0.0000,0.0000,0.0000,0.0000,0.0007,0.0000,0.0000,0.0000,0.0000,0.0000,0.0003,0.0000,0.0000,0.0011,0.0000,0.0000,0.0000,0.0000,0.0000,0.0000,0.0000,0.0000,0.0000,0.0000,0.0000,0.0000,0.0000,0.0000,0.0000,0.0017,0.0000,0.0002,0.0008,0.0000,0.0000,0.0006,0.0000,0.0000,0.0000,0.0000,0.0000,0.0000,0.0000,0.0000,0.0000,0.0020,0.0000,0.0000,0.0000,0.0000,0.0011,0.0016,0.0000,0.0000,0.0000,0.0000,0.0000,0.0000,0.0000,0.0003,0.0000,0.0000,0.0004,0.0000,0.0000,0.0002,0.0003,0.0000,0.0000,0.0000,0.0000,0.0000,0.0000,0.0000,0.0000,0.0000,0.0000,0.0000,0.0000,0.0000,0.0000,0.0000,0.0018,0.0000,0.0000,0.0000,0.0000,0.0006,0.0000,0.0000,0.0000,0.0000,0.0005,0.0000,0.0000,0.0003,0.0017,0.0000,0.0000,0.0000,0.0000,0.0000,0.0000,0.0000,0.0000,0.0000,0.0000,0.0000,0.0000,0.0000,0.0000,0.0000,0.0000,0.0000,0.0000,0.0000,0.0000,0.0000,0.0006,0.0000,0.0000,0.0008,0.0007,0.0010,0.0009,0.0002,0.0000,0.0000,0.0001,0.0000,0.0000,0.0000,0.0000,0.0000,0.0000,0.0000,0.0002,0.0001,0.0001,0.0000,0.0000,0.0018,0.0000,0.0000,0.0000,0.0000,0.0000,0.0003,0.0000
Adipocytes,0.0000,0.0000,0.0000,0.0000,0.0000,0.0020,0.0000,0.0000,0.0000,0.0000,0.0000,0.0014,0.0000,0.0000,0.0000,0.0000,0.0000,0.0044,0.0002,0.0000,0.0012,0.0000,0.0000,0.0000,0.0010,0.0000,0.0000,0.0000,0.0025,0.0000,0.0000,0.0000,0.0000,0.0005,0.0019,0.0000,0.0006,0.0000,0.0000,0.0000,0.0005,0.0000,0.0012,0.0000,0.0000,0.0007,0.0053,0.0000,0.0000,0.0000,0.0000,0.0000,0.0000,0.0000,0.0039,0.0005,0.0000,0.0014,0.0000,0.0000,0.0000,0.0028,0.0000,0.0027,0.0000,0.0009,0.0000,0.0001,0.0023,0.0005,0.0000,0.0025,0.0000,0.0017,0.0000,0.0000,0.0000,0.0000,0.0000,0.0000,0.0000,0.0000,0.0044,0.0000,0.0000,0.0000,0.0000,0.0000,0.0000,0.0000,0.0000,0.0000,0.0000,0.0000,0.0000,0.0000,0.0021,0.0000,0.0000,0.0000,0.0000,0.0000,0.0007,0.0000,0.0021,0.0000,0.0000,0.0000,0.0000,0.0000,0.0017,0.0001,0.0000,0.0023,0.0000,0.0010,0.0032,0.0000,0.0000,0.0036,0.0001,0.0000,0.0000,0.0000,0.0000,0.0000,0.0000,0.0006,0.0039,0.0014,0.0019,0.0000,0.0000,0.0000,0.0000,0.0000,0.0014,0.0000,0.0000,0.0004,0.0000,0.0006,0.0000,0.0000,0.0000,0.0000,0.0000,0.0000,0.0009,0.0000,0.0009,0.0008,0.0018,0.0000,0.0000,0.0000,0.0000,0.0000,0.0000,0.0000,0.0000,0.0000,0.0000,0.0000,0.0013,0.0000,0.0000,0.0000,0.0013,0.0000,0.0000,0.0000,0.0000,0.0000,0.0000,0.0000,0.0000,0.0000,0.0000,0.0000
Thyroid_Ep,0.0000,0.0000,0.0000,0.0000,0.0000,0.0000,0.0000,0.0000,0.0000,0.0000,0.0000,0.0008,0.0000,0.0000,0.0000,0.0000,0.0000,0.0009,0.0000,0.0000,0.0000,0.0000,0.0009,0.0000,0.0011,0.0000,0.0010,0.0000,0.0000,0.0000,0.0000,0.0000,0.0000,0.0000,0.0000,0.0000,0.0000,0.0000,0.0006,0.0002,0.0004,0.0000,0.0000,0.0000,0.0000,0.0000,0.0007,0.0000,0.0000,0.0000,0.0000,0.0000,0.0000,0.0000,0.0000,0.0000,0.0000,0.0000,0.0000,0.0000,0.0000,0.0000,0.0000,0.0000,0.0000,0.0000,0.0003,0.0000,0.0000,0.0000,0.0000,0.0003,0.0000,0.0000,0.0000,0.0000,0.0007,0.0000,0.0000,0.0000,0.0000,0.0000,0.0006,0.0000,0.0002,0.0000,0.0000,0.0000,0.0010,0.0000,0.0003,0.0000,0.0000,0.0000,0.0000,0.0004,0.0000,0.0000,0.0000,0.0000,0.0010,0.0000,0.0000,0.0015,0.0000,0.0000,0.0005,0.0000,0.0003,0.0000,0.0000,0.0000,0.0005,0.0010,0.0000,0.0000,0.0000,0.0000,0.0000,0.0000,0.0000,0.0000,0.0000,0.0000,0.0000,0.0000,0.0000,0.0000,0.0002,0.0000,0.0012,0.0000,0.0000,0.0000,0.0000,0.0000,0.0000,0.0006,0.0002,0.0000,0.0000,0.0002,0.0000,0.0008,0.0000,0.0000,0.0000,0.0000,0.0000,0.0003,0.0007,0.0008,0.0000,0.0000,0.0000,0.0000,0.0000,0.0000,0.0000,0.0006,0.0000,0.0001,0.0002,0.0000,0.0000,0.0000,0.0000,0.0007,0.0000,0.0000,0.0000,0.0001,0.0000,0.0001,0.0000,0.0000,0.0000,0.0000,0.0000,0.0001
Smooth_Musc,0.0000,0.0000,0.0001,0.0000,0.0000,0.0000,0.0000,0.0000,0.0000,0.0000,0.0000,0.0000,0.0000,0.0000,0.0022,0.0000,0.0000,0.0000,0.0000,0.0000,0.0023,0.0000,0.0000,0.0000,0.0000,0.0000,0.0000,0.0000,0.0000,0.0000,0.0023,0.0000,0.0000,0.0012,0.0000,0.0000,0.0000,0.0017,0.0000,0.0000,0.0000,0.0000,0.0000,0.0000,0.0001,0.0000,0.0000,0.0000,0.0000,0.0000,0.0000,0.0000,0.0000,0.0000,0.0000,0.0001,0.0000,0.0012,0.0000,0.0000,0.0000,0.0000,0.0000,0.0000,0.0000,0.0003,0.0000,0.0000,0.0000,0.0009,0.0000,0.0000,0.0000,0.0000,0.0006,0.0000,0.0002,0.0000,0.0000,0.0000,0.0000,0.0000,0.0000,0.0009,0.0000,0.0000,0.0000,0.0000,0.0000,0.0000,0.0000,0.0000,0.0008,0.0000,0.0000,0.0000,0.0000,0.0002,0.0000,0.0000,0.0010,0.0000,0.0000,0.0000,0.0000,0.0000,0.0000,0.0017,0.0000,0.0000,0.0000,0.0000,0.0006,0.0000,0.0000,0.0000,0.0000,0.0003,0.0000,0.0000,0.0000,0.0000,0.0000,0.0000,0.0000,0.0007,0.0000,0.0000,0.0000,0.0000,0.0000,0.0002,0.0000,0.0000,0.0000,0.0000,0.0000,0.0000,0.0010,0.0000,0.0000,0.0000,0.0000,0.0000,0.0000,0.0000,0.0000,0.0000,0.0009,0.0000,0.0000,0.0000,0.0000,0.0000,0.0000,0.0000,0.0000,0.0000,0.0000,0.0000,0.0000,0.0000,0.0000,0.0000,0.0000,0.0000,0.0000,0.0000,0.0000,0.0000,0.0005,0.0006,0.0000,0.0000,0.0003,0.0000,0.0000,0.0000,0.0000,0.0000
Colon_Ep,0.0000,0.0000,0.0005,0.0000,0.0000,0.0012,0.0000,0.0000,0.0002,0.0000,0.0000,0.0000,0.0000,0.0010,0.0000,0.0000,0.0001,0.0000,0.0000,0.0000,0.0000,0.0000,0.0012,0.0000,0.0000,0.0013,0.0000,0.0000,0.0000,0.0000,0.0000,0.0000,0.0000,0.0005,0.0000,0.0000,0.0000,0.0000,0.0000,0.0000,0.0000,0.0000,0.0000,0.0000,0.0000,0.0000,0.0000,0.0000,0.0004,0.0000,0.0000,0.0001,0.0015,0.0000,0.0000,0.0000,0.0000,0.0000,0.0000,0.0001,0.0000,0.0017,0.0000,0.0000,0.0000,0.0000,0.0000,0.0000,0.0004,0.0006,0.0018,0.0000,0.0000,0.0000,0.0014,0.0000,0.0000,0.0000,0.0000,0.0000,0.0006,0.0000,0.0000,0.0003,0.0011,0.0000,0.0011,0.0000,0.0000,0.0007,0.0000,0.0000,0.0000,0.0000,0.0000,0.0000,0.0002,0.0014,0.0000,0.0021,0.0000,0.0004,0.0002,0.0000,0.0000,0.0001,0.0005,0.0000,0.0000,0.0000,0.0000,0.0002,0.0000,0.0000,0.0000,0.0000,0.0000,0.0000,0.0000,0.0001,0.0000,0.0000,0.0005,0.0021,0.0000,0.0000,0.0000,0.0000,0.0000,0.0000,0.0000,0.0000,0.0000,0.0009,0.0000,0.0000,0.0000,0.0000,0.0000,0.0002,0.0007,0.0000,0.0015,0.0000,0.0000,0.0000,0.0010,0.0000,0.0000,0.0000,0.0000,0.0000,0.0015,0.0002,0.0000,0.0000,0.0000,0.0000,0.0000,0.0000,0.0000,0.0000,0.0006,0.0000,0.0000,0.0003,0.0000,0.0000,0.0001,0.0000,0.0000,0.0000,0.0000,0.0000,0.0000,0.0000,0.0007,0.0000,0.0000,0.0000
Bone_Osteob,0.0000,0.0000,0.0003,0.0000,0.0000,0.0009,0.0016,0.0000,0.0000,0.0000,0.0000,0.0000,0.0000,0.0008,0.0011,0.0003,0.0001,0.0008,0.0000,0.0002,0.0005,0.0000,0.0000,0.0000,0.0000,0.0004,0.0000,0.0000,0.0000,0.0009,0.0000,0.0000,0.0000,0.0000,0.0000,0.0000,0.0005,0.0000,0.0000,0.0000,0.0000,0.0000,0.0000,0.0000,0.0000,0.0000,0.0000,0.0002,0.0000,0.0000,0.0000,0.0000,0.0000,0.0000,0.0000,0.0000,0.0000,0.0000,0.0000,0.0000,0.0000,0.0000,0.0000,0.0000,0.0010,0.0000,0.0000,0.0010,0.0000,0.0000,0.0000,0.0002,0.0000,0.0000,0.0000,0.0000,0.0000,0.0000,0.0000,0.0000,0.0000,0.0002,0.0000,0.0000,0.0015,0.0000,0.0008,0.0003,0.0000,0.0001,0.0000,0.0000,0.0000,0.0000,0.0000,0.0000,0.0000,0.0000,0.0000,0.0000,0.0000,0.0000,0.0006,0.0000,0.0005,0.0000,0.0000,0.0005,0.0000,0.0003,0.0000,0.0000,0.0008,0.0000,0.0000,0.0010,0.0004,0.0000,0.0000,0.0000,0.0012,0.0014,0.0000,0.0000,0.0000,0.0000,0.0000,0.0000,0.0000,0.0000,0.0000,0.0000,0.0000,0.0000,0.0000,0.0000,0.0004,0.0000,0.0010,0.0000,0.0000,0.0010,0.0000,0.0000,0.0000,0.0000,0.0000,0.0005,0.0000,0.0000,0.0000,0.0000,0.0000,0.0000,0.0000,0.0004,0.0000,0.0000,0.0002,0.0000,0.0005,0.0000,0.0000,0.0000,0.0000,0.0000,0.0009,0.0000,0.0000,0.0000,0.0000,0.0000,0.0002,0.0000,0.0000,0.0003,0.0000,0.0000,0.0000,0.0000
Lung_Ep_Bron,0.0000,0.0000,0.0005,0.0000,0.0000,0.0000,0.0000,0.0000,0.0000,0.0000,0.0000,0.0000,0.0000,0.0000,0.0000,0.0002,0.0000,0.0000,0.0000,0.0000,0.0000,0.0031,0.0000,0.0000,0.0000,0.0000,0.0000,0.0000,0.0000,0.0000,0.0000,0.0000,0.0000,0.0000,0.0000,0.0000,0.0000,0.0000,0.0000,0.0002,0.0000,0.0000,0.0000,0.0000,0.0000,0.0000,0.0000,0.0000,0.0000,0.0000,0.0000,0.0000,0.0000,0.0000,0.0004,0.0000,0.0000,0.0000,0.0000,0.0000,0.0000,0.0000,0.0000,0.0000,0.0000,0.0000,0.0000,0.0000,0.0000,0.0000,0.0000,0.0000,0.0009,0.0000,0.0003,0.0000,0.0000,0.0000,0.0000,0.0000,0.0007,0.0000,0.0000,0.0000,0.0000,0.0000,0.0000,0.0000,0.0002,0.0000,0.0000,0.0031,0.0006,0.0000,0.0000,0.0000,0.0000,0.0000,0.0000,0.0000,0.0000,0.0000,0.0000,0.0005,0.0000,0.0000,0.0019,0.0000,0.0000,0.0000,0.0000,0.0000,0.0000,0.0000,0.0000,0.0000,0.0000,0.0006,0.0000,0.0000,0.0000,0.0000,0.0000,0.0000,0.0000,0.0000,0.0002,0.0001,0.0000,0.0000,0.0000,0.0000,0.0000,0.0000,0.0000,0.0000,0.0000,0.0000,0.0000,0.0000,0.0000,0.0000,0.0000,0.0000,0.0000,0.0000,0.0000,0.0000,0.0000,0.0000,0.0000,0.0000,0.0000,0.0013,0.0000,0.0000,0.0000,0.0000,0.0000,0.0000,0.0000,0.0000,0.0000,0.0000,0.0000,0.0000,0.0000,0.0000,0.0000,0.0000,0.0000,0.0000,0.0000,0.0000,0.0000,0.0000,0.0000,0.0000,0.0000,0.0000
Eryth_prog,0.0577,0.0582,0.0556,0.0572,0.0560,0.0529,0.0559,0.0579,0.0560,0.0578,0.0596,0.0531,0.0565,0.0560,0.0564,0.0561,0.0561,0.0562,0.0542,0.0562,0.0580,0.0560,0.0543,0.0548,0.0591,0.0561,0.0559,0.0569,0.0583,0.0535,0.0573,0.0580,0.0574,0.0599,0.0559,0.0546,0.0560,0.0555,0.0609,0.0576,0.0581,0.0540,0.0562,0.0583,0.0578,0.0557,0.0557,0.0529,0.0574,0.0556,0.0574,0.0579,0.0571,0.0554,0.0577,0.0566,0.0561,0.0566,0.0581,0.0552,0.0569,0.0604,0.0585,0.0587,0.0550,0.0534,0.0550,0.0565,0.0566,0.0587,0.0560,0.0515,0.0581,0.0567,0.0579,0.0573,0.0548,0.0553,0.0552,0.0543,0.0566,0.0579,0.0538,0.0576,0.0585,0.0563,0.0555,0.0601,0.0571,0.0549,0.0587,0.0588,0.0552,0.0562,0.0551,0.0517,0.0563,0.0559,0.0591,0.0581,0.0552,0.0539,0.0576,0.0561,0.0599,0.0559,0.0538,0.0523,0.0587,0.0588,0.0576,0.0563,0.0526,0.0544,0.0581,0.0571,0.0569,0.0559,0.0562,0.0530,0.0557,0.0569,0.0572,0.0582,0.0571,0.0564,0.0569,0.0593,0.0583,0.0544,0.0569,0.0550,0.0560,0.0571,0.0575,0.0570,0.0548,0.0543,0.0579,0.0560,0.0576,0.0578,0.0562,0.0554,0.0564,0.0578,0.0570,0.0527,0.0546,0.0552,0.0562,0.0569,0.0591,0.0564,0.0552,0.0525,0.0569,0.0555,0.0581,0.0576,0.0560,0.0546,0.0559,0.0583,0.0593,0.0595,0.0585,0.0558,0.0580,0.0570,0.0573,0.0581,0.0542,0.0530,0.0556,0.0557,0.0570,0.0588,0.0575,0.0543
Blood_B,0.0000,0.0000,0.0000,0.0000,0.0000,0.0000,0.0025,0.0000,0.0003,0.0034,0.0024,0.0000,0.0004,0.0000,0.0000,0.0033,0.0000,0.0000,0.0000,0.0000,0.0000,0.0000,0.0000,0.0000,0.0004,0.0000,0.0000,0.0000,0.0053,0.0016,0.0000,0.0002,0.0000,0.0012,0.0000,0.0000,0.0000,0.0000,0.0000,0.0017,0.0026,0.0000,0.0000,0.0000,0.0000,0.0010,0.0000,0.0000,0.0032,0.0036,0.0027,0.0000,0.0000,0.0006,0.0000,0.0000,0.0031,0.0000,0.0000,0.0000,0.0000,0.0000,0.0000,0.0006,0.0000,0.0000,0.0049,0.0000,0.0000,0.0000,0.0000,0.0013,0.0000,0.0000,0.0000,0.0000,0.0000,0.0008,0.0000,0.0000,0.0000,0.0000,0.0000,0.0000,0.0000,0.0000,0.0006,0.0000,0.0000,0.0000,0.0000,0.0033,0.0000,0.0011,0.0027,0.0053,0.0000,0.0000,0.0000,0.0000,0.0000,0.0000,0.0000,0.0002,0.0000,0.0044,0.0008,0.0028,0.0000,0.0000,0.0009,0.0000,0.0003,0.0000,0.0000,0.0021,0.0000,0.0000,0.0000,0.0000,0.0000,0.0000,0.0000,0.0000,0.0020,0.0000,0.0004,0.0000,0.0000,0.0000,0.0000,0.0000,0.0000,0.0000,0.0000,0.0034,0.0007,0.0000,0.0007,0.0000,0.0002,0.0000,0.0000,0.0019,0.0000,0.0000,0.0000,0.0004,0.0000,0.0000,0.0000,0.0025,0.0000,0.0000,0.0000,0.0000,0.0000,0.0004,0.0000,0.0000,0.0000,0.0022,0.0010,0.0000,0.0000,0.0000,0.0029,0.0000,0.0006,0.0017,0.0000,0.0000,0.0032,0.0051,0.0011,0.0019,0.0003,0.0000,0.0000,0.0005
Fallopian_Ep,0.0000,0.0000,0.0000,0.0000,0.0000,0.0011,0.0000,0.0000,0.0000,0.0000,0.0000,0.0000,0.0000,0.0000,0.0000,0.0000,0.0000,0.0000,0.0000,0.0000,0.0001,0.0000,0.0000,0.0000,0.0000,0.0000,0.0000,0.0000,0.0000,0.0000,0.0002,0.0000,0.0000,0.0000,0.0017,0.0000,0.0000,0.0000,0.0000,0.0000,0.0000,0.0000,0.0000,0.0000,0.0000,0.0000,0.0000,0.0000,0.0000,0.0000,0.0000,0.0000,0.0000,0.0000,0.0000,0.0000,0.0000,0.0002,0.0000,0.0000,0.0000,0.0000,0.0000,0.0000,0.0000,0.0000,0.0000,0.0000,0.0000,0.0000,0.0000,0.0014,0.0000,0.0000,0.0000,0.0000,0.0000,0.0000,0.0000,0.0000,0.0003,0.0000,0.0000,0.0000,0.0000,0.0000,0.0000,0.0000,0.0000,0.0000,0.0001,0.0000,0.0006,0.0000,0.0000,0.0000,0.0000,0.0000,0.0000,0.0000,0.0009,0.0000,0.0000,0.0000,0.0000,0.0007,0.0000,0.0000,0.0000,0.0007,0.0002,0.0000,0.0000,0.0000,0.0000,0.0000,0.0000,0.0000,0.0000,0.0000,0.0000,0.0002,0.0000,0.0000,0.0000,0.0000,0.0001,0.0000,0.0003,0.0000,0.0000,0.0000,0.0000,0.0000,0.0000,0.0000,0.0018,0.0000,0.0000,0.0000,0.0000,0.0000,0.0000,0.0000,0.0000,0.0012,0.0000,0.0018,0.0000,0.0000,0.0000,0.0014,0.0000,0.0000,0.0000,0.0000,0.0000,0.0000,0.0000,0.0000,0.0000,0.0000,0.0000,0.0006,0.0002,0.0000,0.0000,0.0005,0.0000,0.0001,0.0000,0.0000,0.0000,0.0000,0.0000,0.0000,0.0026,0.0000,0.0010,0.0000
Dermal_Fibro,0.0017,0.0000,0.0000,0.0008,0.0009,0.0000,0.0019,0.0000,0.0013,0.0015,0.0000,0.0000,0.0000,0.0000,0.0010,0.0000,0.0004,0.0007,0.0000,0.0000,0.0000,0.0000,0.0000,0.0000,0.0000,0.0000,0.0000,0.0000,0.0010,0.0000,0.0000,0.0000,0.0010,0.0000,0.0000,0.0000,0.0003,0.0000,0.0000,0.0000,0.0000,0.0000,0.0000,0.0000,0.0000,0.0000,0.0000,0.0012,0.0000,0.0000,0.0000,0.0016,0.0015,0.0000,0.0000,0.0000,0.0000,0.0000,0.0000,0.0000,0.0000,0.0003,0.0000,0.0000,0.0000,0.0000,0.0000,0.0010,0.0000,0.0000,0.0000,0.0000,0.0000,0.0000,0.0000,0.0000,0.0000,0.0014,0.0010,0.0015,0.0000,0.0005,0.0002,0.0012,0.0000,0.0000,0.0001,0.0011,0.0000,0.0000,0.0000,0.0000,0.0000,0.0000,0.0000,0.0008,0.0000,0.0000,0.0000,0.0000,0.0001,0.0000,0.0000,0.0002,0.0000,0.0000,0.0000,0.0000,0.0000,0.0002,0.0000,0.0000,0.0000,0.0000,0.0000,0.0000,0.0000,0.0009,0.0000,0.0007,0.0000,0.0000,0.0000,0.0000,0.0000,0.0006,0.0005,0.0000,0.0000,0.0000,0.0000,0.0000,0.0000,0.0000,0.0000,0.0000,0.0000,0.0000,0.0009,0.0000,0.0002,0.0000,0.0000,0.0003,0.0000,0.0000,0.0000,0.0005,0.0000,0.0000,0.0022,0.0000,0.0000,0.0000,0.0000,0.0000,0.0000,0.0000,0.0010,0.0000,0.0000,0.0004,0.0004,0.0000,0.0000,0.0006,0.0005,0.0000,0.0000,0.0000,0.0006,0.0000,0.0004,0.0004,0.0000,0.0000,0.0001,0.0000,0.0000,0.0000
Lung_Ep_Alveo,0.0000,0.0000,0.0000,0.0000,0.0000,0.0009,0.0000,0.0000,0.0000,0.0000,0.0000,0.0000,0.0000,0.0000,0.0000,0.0019,0.0000,0.0000,0.0000,0.0000,0.0000,0.0000,0.0020,0.0033,0.0000,0.0000,0.0000,0.0000,0.0000,0.0000,0.0000,0.0000,0.0000,0.0000,0.0000,0.0000,0.0000,0.0002,0.0000,0.0007,0.0000,0.0000,0.0000,0.0000,0.0000,0.0000,0.0000,0.0000,0.0000,0.0000,0.0012,0.0000,0.0000,0.0000,0.0001,0.0005,0.0000,0.0000,0.0000,0.0000,0.0001,0.0000,0.0000,0.0000,0.0000,0.0000,0.0010,0.0000,0.0000,0.0000,0.0000,0.0000,0.0001,0.0000,0.0000,0.0000,0.0000,0.0000,0.0000,0.0000,0.0000,0.0000,0.0000,0.0000,0.0000,0.0000,0.0015,0.0000,0.0000,0.0000,0.0015,0.0004,0.0000,0.0000,0.0000,0.0000,0.0000,0.0000,0.0000,0.0000,0.0000,0.0000,0.0000,0.0000,0.0000,0.0000,0.0000,0.0000,0.0003,0.0000,0.0000,0.0001,0.0000,0.0000,0.0000,0.0000,0.0000,0.0000,0.0000,0.0000,0.0014,0.0000,0.0000,0.0003,0.0002,0.0000,0.0000,0.0020,0.0000,0.0000,0.0000,0.0000,0.0000,0.0000,0.0000,0.0000,0.0000,0.0000,0.0000,0.0000,0.0000,0.0015,0.0000,0.0000,0.0000,0.0004,0.0000,0.0004,0.0000,0.0000,0.0000,0.0000,0.0000,0.0000,0.0001,0.0000,0.0008,0.0000,0.0000,0.0000,0.0000,0.0000,0.0000,0.0000,0.0000,0.0000,0.0000,0.0000,0.0000,0.0000,0.0000,0.0003,0.0013,0.0012,0.0000,0.0000,0.0000,0.0000,0.0000,0.0000
Pancreas_Delta,0.0000,0.0000,0.0002,0.0000,0.0000,0.0000,0.0000,0.0000,0.0000,0.0000,0.0000,0.0000,0.0000,0.0000,0.0002,0.0000,0.0000,0.0000,0.0000,0.0000,0.0000,0.0000,0.0000,0.0000,0.0000,0.0000,0.0000,0.0000,0.0000,0.0010,0.0000,0.0000,0.0000,0.0002,0.0000,0.0002,0.0000,0.0000,0.0000,0.0000,0.0000,0.0000,0.0000,0.0000,0.0000,0.0000,0.0000,0.0000,0.0000,0.0000,0.0001,0.0000,0.0000,0.0000,0.0000,0.0000,0.0005,0.0000,0.0000,0.0000,0.0000,0.0000,0.0000,0.0000,0.0000,0.0000,0.0000,0.0000,0.0000,0.0000,0.0000,0.0000,0.0003,0.0007,0.0000,0.0000,0.0000,0.0000,0.0000,0.0000,0.0000,0.0000,0.0000,0.0002,0.0000,0.0000,0.0000,0.0006,0.0000,0.0001,0.0004,0.0000,0.0003,0.0007,0.0000,0.0000,0.0000,0.0000,0.0000,0.0000,0.0000,0.0000,0.0000,0.0000,0.0000,0.0000,0.0002,0.0000,0.0006,0.0000,0.0000,0.0000,0.0000,0.0000,0.0000,0.0000,0.0000,0.0000,0.0000,0.0000,0.0000,0.0000,0.0000,0.0000,0.0000,0.0000,0.0002,0.0000,0.0000,0.0000,0.0000,0.0000,0.0000,0.0000,0.0000,0.0008,0.0000,0.0001,0.0000,0.0008,0.0000,0.0000,0.0001,0.0000,0.0000,0.0005,0.0000,0.0000,0.0000,0.0000,0.0000,0.0000,0.0000,0.0000,0.0000,0.0014,0.0000,0.0000,0.0000,0.0000,0.0000,0.0000,0.0000,0.0004,0.0000,0.0000,0.0000,0.0018,0.0000,0.0000,0.0000,0.0000,0.0000,0.0010,0.0000,0.0000,0.0000,0.0000,0.0000,0.0000
Pancreas_Alpha,0.0000,0.0000,0.0000,0.0000,0.0000,0.0000,0.0000,0.0000,0.0000,0.0000,0.0000,0.0018,0.0000,0.0000,0.0000,0.0000,0.0000,0.0000,0.0000,0.0000,0.0004,0.0000,0.0000,0.0000,0.0000,0.0000,0.0000,0.0000,0.0000,0.0010,0.0000,0.0000,0.0000,0.0000,0.0000,0.0000,0.0000,0.0003,0.0008,0.0000,0.0000,0.0000,0.0000,0.0000,0.0000,0.0000,0.0000,0.0000,0.0000,0.0017,0.0000,0.0000,0.0000,0.0000,0.0000,0.0000,0.0000,0.0012,0.0000,0.0000,0.0000,0.0000,0.0002,0.0001,0.0002,0.0000,0.0000,0.0000,0.0000,0.0000,0.0000,0.0002,0.0000,0.0000,0.0000,0.0004,0.0000,0.0000,0.0000,0.0000,0.0000,0.0000,0.0000,0.0000,0.0000,0.0000,0.0004,0.0000,0.0004,0.0000,0.0000,0.0005,0.0000,0.0002,0.0000,0.0000,0.0000,0.0004,0.0000,0.0000,0.0000,0.0000,0.0009,0.0000,0.0000,0.0000,0.0000,0.0000,0.0000,0.0000,0.0000,0.0000,0.0000,0.0000,0.0000,0.0000,0.0000,0.0000,0.0000,0.0000,0.0000,0.0000,0.0004,0.0000,0.0000,0.0000,0.0000,0.0000,0.0000,0.0000,0.0000,0.0000,0.0000,0.0000,0.0000,0.0000,0.0020,0.0007,0.0003,0.0000,0.0000,0.0000,0.0000,0.0008,0.0000,0.0000,0.0000,0.0002,0.0000,0.0000,0.0014,0.0000,0.0000,0.0000,0.0000,0.0000,0.0000,0.0000,0.0005,0.0001,0.0000,0.0000,0.0001,0.0000,0.0000,0.0000,0.0000,0.0000,0.0000,0.0000,0.0000,0.0000,0.0000,0.0000,0.0000,0.0000,0.0000,0.0002,0.0000,0.0000
Gallbladder,0.0000,0.0000,0.0014,0.0000,0.0000,0.0000,0.0000,0.0000,0.0007,0.0000,0.0000,0.0000,0.0000,0.0000,0.0007,0.0000,0.0003,0.0006,0.0000,0.0000,0.0002,0.0008,0.0000,0.0000,0.0000,0.0016,0.0000,0.0000,0.0000,0.0000,0.0000,0.0011,0.0000,0.0000,0.0000,0.0000,0.0000,0.0003,0.0000,0.0000,0.0000,0.0000,0.0014,0.0003,0.0000,0.0000,0.0000,0.0002,0.0000,0.0008,0.0000,0.0000,0.0000,0.0000,0.0000,0.0000,0.0000,0.0004,0.0000,0.0000,0.0000,0.0000,0.0000,0.0000,0.0000,0.0000,0.0000,0.0000,0.0005,0.0020,0.0000,0.0000,0.0000,0.0000,0.0000,0.0000,0.0000,0.0000,0.0015,0.0000,0.0000,0.0000,0.0000,0.0000,0.0000,0.0000,0.0000,0.0004,0.0000,0.0000,0.0000,0.0000,0.0002,0.0004,0.0000,0.0000,0.0000,0.0000,0.0000,0.0000,0.0000,0.0000,0.0000,0.0000,0.0000,0.0000,0.0000,0.0000,0.0000,0.0000,0.0000,0.0000,0.0009,0.0005,0.0001,0.0000,0.0000,0.0000,0.0003,0.0000,0.0000,0.0000,0.0000,0.0000,0.0000,0.0000,0.0000,0.0002,0.0007,0.0000,0.0000,0.0000,0.0000,0.0005,0.0000,0.0000,0.0000,0.0000,0.0000,0.0001,0.0009,0.0000,0.0000,0.0004,0.0000,0.0000,0.0000,0.0000,0.0000,0.0000,0.0000,0.0000,0.0008,0.0000,0.0000,0.0006,0.0000,0.0018,0.0000,0.0000,0.0000,0.0000,0.0000,0.0016,0.0000,0.0000,0.0000,0.0000,0.0000,0.0000,0.0000,0.0004,0.0000,0.0000,0.0000,0.0000,0.0005,0.0000,0.0004,0.0000
Blood_Granul,0.5047,0.5108,0.5007,0.5088,0.4996,0.4843,0.5123,0.5084,0.5061,0.5079,0.4988,0.4820,0.5070,0.5074,0.4939,0.5072,0.5094,0.4797,0.5015,0.5060,0.5012,0.5068,0.5017,0.4819,0.5055,0.5044,0.5071,0.5056,0.5015,0.4853,0.5044,0.5075,0.5025,0.4976,0.5012,0.4783,0.5063,0.5124,0.5013,0.5054,0.5036,0.4807,0.5150,0.5073,0.5039,0.4993,0.4993,0.4807,0.5015,0.5063,0.4949,0.5063,0.4997,0.4839,0.5042,0.5060,0.5037,0.5137,0.5010,0.4847,0.5121,0.5045,0.5002,0.5071,0.5057,0.4835,0.5071,0.5057,0.5043,0.5064,0.5052,0.4846,0.5091,0.5059,0.5057,0.5047,0.4997,0.4826,0.5054,0.5146,0.5040,0.5065,0.5055,0.4806,0.5055,0.5109,0.5010,0.5102,0.5051,0.4814,0.5048,0.5034,0.5026,0.5112,0.5022,0.4798,0.5124,0.5052,0.5048,0.5091,0.5043,0.4805,0.5024,0.5073,0.5021,0.5140,0.5007,0.4849,0.5014,0.5081,0.4965,0.5040,0.5025,0.4855,0.5070,0.5061,0.4990,0.5118,0.4991,0.4808,0.5061,0.5088,0.5059,0.5095,0.4996,0.4810,0.5085,0.5044,0.5087,0.5035,0.5010,0.4840,0.5023,0.5089,0.4994,0.5093,0.5014,0.4827,0.5077,0.5079,0.5061,0.5047,0.5034,0.4754,0.5091,0.5073,0.5083,0.5046,0.5000,0.4786,0.5105,0.5051,0.5073,0.5062,0.5005,0.4812,0.5024,0.5078,0.5050,0.5066,0.5042,0.4829,0.5061,0.5066,0.5045,0.5095,0.5025,0.4776,0.5037,0.5119,0.4998,0.5107,0.5101,0.4814,0.5057,0.5077,0.5001,0.5104,0.5022,0.4759
Blood_T,0.0003,0.0006,0.0000,0.0000,0.0015,0.0000,0.0000,0.0000,0.0000,0.0018,0.0000,0.0047,0.0000,0.0000,0.0000,0.0000,0.0000,0.0000,0.0000,0.0003,0.0000,0.0000,0.0000,0.0012,0.0015,0.0000,0.0000,0.0000,0.0000,0.0000,0.0000,0.0000,0.0055,0.0000,0.0013,0.0003,0.0000,0.0013,0.0000,0.0031,0.0000,0.0043,0.0000,0.0035,0.0002,0.0027,0.0005,0.0000,0.0000,0.0000,0.0000,0.0000,0.0000,0.0000,0.0000,0.0000,0.0006,0.0000,0.0000,0.0020,0.0000,0.0000,0.0000,0.0000,0.0000,0.0024,0.0000,0.0006,0.0018,0.0000,0.0000,0.0000,0.0000,0.0011,0.0000,0.0000,0.0000,0.0000,0.0000,0.0000,0.0016,0.0000,0.0003,0.0000,0.0000,0.0007,0.0000,0.0002,0.0002,0.0000,0.0000,0.0001,0.0029,0.0000,0.0000,0.0005,0.0040,0.0000,0.0000,0.0000,0.0000,0.0000,0.0000,0.0045,0.0000,0.0000,0.0005,0.0004,0.0000,0.0000,0.0000,0.0014,0.0010,0.0029,0.0005,0.0000,0.0000,0.0014,0.0000,0.0000,0.0008,0.0000,0.0000,0.0000,0.0000,0.0002,0.0000,0.0000,0.0003,0.0000,0.0000,0.0000,0.0000,0.0033,0.0000,0.0000,0.0001,0.0011,0.0032,0.0019,0.0000,0.0000,0.0000,0.0000,0.0014,0.0000,0.0000,0.0000,0.0008,0.0000,0.0000,0.0000,0.0001,0.0000,0.0000,0.0000,0.0000,0.0030,0.0002,0.0007,0.0000,0.0008,0.0000,0.0000,0.0015,0.0000,0.0000,0.0013,0.0022,0.0000,0.0000,0.0000,0.0021,0.0003,0.0008,0.0000,0.0011,0.0007,0.0000,0.0029
Pancreas_Acinar,0.0000,0.0009,0.0000,0.0017,0.0000,0.0000,0.0000,0.0000,0.0000,0.0004,0.0000,0.0000,0.0000,0.0000,0.0002,0.0000,0.0003,0.0004,0.0001,0.0000,0.0000,0.0000,0.0000,0.0000,0.0000,0.0000,0.0004,0.0000,0.0000,0.0000,0.0000,0.0007,0.0000,0.0000,0.0008,0.0002,0.0000,0.0000,0.0000,0.0000,0.0000,0.0000,0.0000,0.0000,0.0001,0.0003,0.0008,0.0000,0.0000,0.0000,0.0000,0.0007,0.0000,0.0000,0.0000,0.0011,0.0000,0.0000,0.0000,0.0000,0.0000,0.0000,0.0000,0.0000,0.0000,0.0000,0.0000,0.0001,0.0000,0.0001,0.0010,0.0000,0.0000,0.0000,0.0000,0.0012,0.0000,0.0000,0.0000,0.0004,0.0000,0.0000,0.0000,0.0000,0.0000,0.0000,0.0000,0.0005,0.0000,0.0000,0.0000,0.0001,0.0000,0.0000,0.0000,0.0000,0.0000,0.0000,0.0014,0.0000,0.0015,0.0000,0.0000,0.0000,0.0013,0.0000,0.0000,0.0000,0.0000,0.0004,0.0000,0.0000,0.0000,0.0000,0.0000,0.0003,0.0000,0.0000,0.0004,0.0000,0.0000,0.0000,0.0009,0.0009,0.0006,0.0000,0.0000,0.0003,0.0000,0.0000,0.0000,0.0000,0.0000,0.0000,0.0000,0.0005,0.0003,0.0016,0.0006,0.0010,0.0000,0.0000,0.0000,0.0000,0.0000,0.0000,0.0000,0.0000,0.0000,0.0000,0.0000,0.0010,0.0000,0.0001,0.0000,0.0000,0.0013,0.0029,0.0000,0.0000,0.0000,0.0004,0.0006,0.0000,0.0000,0.0000,0.0000,0.0000,0.0000,0.0000,0.0000,0.0000,0.0000,0.0000,0.0020,0.0000,0.0000,0.0000,0.0000,0.0000
Bladder_Ep,0.0000,0.0000,0.0000,0.0000,0.0000,0.0000,0.0000,0.0000,0.0000,0.0000,0.0000,0.0000,0.0000,0.0000,0.0019,0.0000,0.0000,0.0000,0.0000,0.0000,0.0000,0.0000,0.0009,0.0000,0.0000,0.0000,0.0007,0.0000,0.0000,0.0000,0.0000,0.0000,0.0014,0.0000,0.0000,0.0000,0.0000,0.0000,0.0000,0.0007,0.0000,0.0000,0.0000,0.0008,0.0000,0.0000,0.0000,0.0000,0.0000,0.0000,0.0000,0.0017,0.0000,0.0000,0.0000,0.0000,0.0000,0.0000,0.0000,0.0000,0.0000,0.0000,0.0000,0.0000,0.0000,0.0000,0.0000,0.0000,0.0001,0.0000,0.0000,0.0000,0.0000,0.0000,0.0000,0.0000,0.0000,0.0000,0.0000,0.0000,0.0007,0.0000,0.0000,0.0000,0.0000,0.0000,0.0003,0.0000,0.0000,0.0002,0.0000,0.0000,0.0000,0.0000,0.0000,0.0000,0.0000,0.0000,0.0000,0.0000,0.0000,0.0000,0.0000,0.0000,0.0000,0.0000,0.0000,0.0000,0.0000,0.0000,0.0000,0.0000,0.0000,0.0000,0.0000,0.0000,0.0000,0.0000,0.0000,0.0000,0.0000,0.0010,0.0000,0.0000,0.0000,0.0000,0.0000,0.0000,0.0000,0.0000,0.0000,0.0000,0.0000,0.0000,0.0000,0.0000,0.0000,0.0000,0.0002,0.0021,0.0000,0.0000,0.0000,0.0000,0.0000,0.0000,0.0000,0.0000,0.0003,0.0000,0.0019,0.0000,0.0000,0.0006,0.0000,0.0000,0.0000,0.0000,0.0000,0.0000,0.0000,0.0000,0.0000,0.0000,0.0000,0.0000,0.0000,0.0000,0.0003,0.0009,0.0000,0.0000,0.0000,0.0000,0.0000,0.0000,0.0000,0.0000,0.0000,0.0000
Breast_Luminal_Ep,0.0000,0.0001,0.0000,0.0000,0.0000,0.0000,0.0011,0.0000,0.0000,0.0000,0.0000,0.0000,0.0000,0.0028,0.0000,0.0016,0.0001,0.0003,0.0000,0.0002,0.0000,0.0000,0.0000,0.0000,0.0000,0.0000,0.0000,0.0000,0.0000,0.0000,0.0000,0.0000,0.0000,0.0000,0.0000,0.0002,0.0000,0.0000,0.0000,0.0004,0.0000,0.0000,0.0000,0.0000,0.0000,0.0000,0.0000,0.0000,0.0000,0.0000,0.0000,0.0000,0.0000,0.0000,0.0000,0.0000,0.0000,0.0000,0.0000,0.0000,0.0000,0.0000,0.0001,0.0000,0.0000,0.0000,0.0006,0.0001,0.0000,0.0000,0.0000,0.0000,0.0000,0.0000,0.0003,0.0000,0.0000,0.0000,0.0000,0.0003,0.0000,0.0000,0.0000,0.0000,0.0000,0.0004,0.0000,0.0006,0.0000,0.0000,0.0003,0.0000,0.0000,0.0000,0.0000,0.0000,0.0000,0.0000,0.0000,0.0000,0.0000,0.0000,0.0000,0.0000,0.0000,0.0000,0.0000,0.0007,0.0000,0.0000,0.0000,0.0006,0.0000,0.0000,0.0000,0.0000,0.0000,0.0007,0.0000,0.0000,0.0000,0.0000,0.0000,0.0000,0.0000,0.0000,0.0000,0.0000,0.0000,0.0010,0.0000,0.0000,0.0000,0.0000,0.0006,0.0000,0.0000,0.0000,0.0000,0.0000,0.0000,0.0000,0.0000,0.0005,0.0000,0.0000,0.0000,0.0000,0.0000,0.0000,0.0000,0.0000,0.0000,0.0000,0.0016,0.0000,0.0000,0.0000,0.0000,0.0000,0.0001,0.0000,0.0000,0.0000,0.0000,0.0000,0.0000,0.0003,0.0000,0.0000,0.0000,0.0000,0.0000,0.0002,0.0000,0.0001,0.0000,0.0000,0.0014,0.0000
Head_Neck_Ep,0.0000,0.0021,0.0000,0.0021,0.0000,0.0000,0.0000,0.0000,0.0000,0.0000,0.0000,0.0000,0.0000,0.0000,0.0000,0.0000,0.0000,0.0000,0.0000,0.0000,0.0000,0.0000,0.0000,0.0000,0.0000,0.0000,0.0000,0.0000,0.0000,0.0000,0.0000,0.0000,0.0000,0.0000,0.0000,0.0000,0.0000,0.0000,0.0000,0.0000,0.0000,0.0004,0.0000,0.0000,0.0000,0.0000,0.0000,0.0000,0.0000,0.0000,0.0000,0.0000,0.0000,0.0000,0.0000,0.0000,0.0001,0.0000,0.0000,0.0000,0.0000,0.0007,0.0006,0.0000,0.0000,0.0000,0.0000,0.0010,0.0000,0.0000,0.0000,0.0000,0.0000,0.0015,0.0000,0.0000,0.0000,0.0000,0.0000,0.0000,0.0000,0.0000,0.0000,0.0000,0.0000,0.0000,0.0011,0.0000,0.0000,0.0000,0.0000,0.0000,0.0000,0.0000,0.0000,0.0002,0.0000,0.0000,0.0000,0.0000,0.0000,0.0000,0.0000,0.0000,0.0000,0.0000,0.0000,0.0000,0.0000,0.0000,0.0000,0.0000,0.0000,0.0000,0.0000,0.0000,0.0000,0.0000,0.0000,0.0000,0.0000,0.0000,0.0000,0.0000,0.0000,0.0000,0.0000,0.0000,0.0000,0.0000,0.0000,0.0006,0.0000,0.0000,0.0000,0.0000,0.0000,0.0000,0.0000,0.0000,0.0000,0.0000,0.0000,0.0000,0.0000,0.0000,0.0000,0.0000,0.0000,0.0002,0.0000,0.0000,0.0000,0.0000,0.0000,0.0004,0.0000,0.0000,0.0000,0.0000,0.0000,0.0000,0.0000,0.0000,0.0000,0.0000,0.0000,0.0000,0.0000,0.0000,0.0000,0.0000,0.0000,0.0000,0.0000,0.0000,0.0000,0.0000,0.0000,0.0000
Gastric_Ep,0.0000,0.0000,0.0000,0.0000,0.0000,0.0000,0.0000,0.0004,0.0000,0.0000,0.0000,0.0000,0.0000,0.0000,0.0000,0.0000,0.0000,0.0000,0.0027,0.0000,0.0000,0.0000,0.0000,0.0000,0.0000,0.0000,0.0000,0.0005,0.0000,0.0000,0.0000,0.0000,0.0000,0.0000,0.0000,0.0000,0.0000,0.0000,0.0000,0.0000,0.0000,0.0000,0.0000,0.0000,0.0000,0.0000,0.0000,0.0000,0.0000,0.0000,0.0000,0.0000,0.0000,0.0000,0.0006,0.0000,0.0000,0.0000,0.0000,0.0000,0.0000,0.0000,0.0000,0.0000,0.0000,0.0000,0.0000,0.0000,0.0000,0.0000,0.0000,0.0000,0.0000,0.0000,0.0000,0.0000,0.0000,0.0000,0.0001,0.0000,0.0000,0.0000,0.0000,0.0000,0.0000,0.0000,0.0000,0.0000,0.0000,0.0010,0.0000,0.0000,0.0000,0.0000,0.0000,0.0000,0.0000,0.0000,0.0000,0.0001,0.0000,0.0000,0.0000,0.0000,0.0000,0.0000,0.0002,0.0000,0.0000,0.0000,0.0000,0.0000,0.0000,0.0000,0.0000,0.0000,0.0001,0.0000,0.0000,0.0000,0.0000,0.0000,0.0014,0.0015,0.0000,0.0000,0.0000,0.0000,0.0000,0.0015,0.0000,0.0000,0.0000,0.0000,0.0000,0.0000,0.0000,0.0000,0.0000,0.0000,0.0000,0.0000,0.0000,0.0000,0.0000,0.0000,0.0000,0.0000,0.0000,0.0000,0.0000,0.0000,0.0000,0.0000,0.0000,0.0000,0.0000,0.0000,0.0018,0.0000,0.0000,0.0000,0.0000,0.0000,0.0000,0.0004,0.0000,0.0000,0.0000,0.0000,0.0000,0.0000,0.0000,0.0000,0.0000,0.0000,0.0003,0.0000,0.0000,0.0000
Prostate_Ep,0.0000,0.0000,0.0001,0.0000,0.0000,0.0000,0.0000,0.0000,0.0000,0.0000,0.0000,0.0000,0.0009,0.0000,0.0000,0.0002,0.0010,0.0000,0.0000,0.0000,0.0000,0.0000,0.0000,0.0011,0.0000,0.0000,0.0000,0.0000,0.0000,0.0000,0.0000,0.0000,0.0000,0.0000,0.0000,0.0000,0.0000,0.0000,0.0000,0.0000,0.0000,0.0000,0.0000,0.0000,0.0000,0.0000,0.0000,0.0000,0.0000,0.0000,0.0000,0.0002,0.0000,0.0000,0.0000,0.0000,0.0000,0.0000,0.0000,0.0000,0.0000,0.0000,0.0000,0.0000,0.0000,0.0000,0.0000,0.0000,0.0000,0.0000,0.0000,0.0000,0.0000,0.0000,0.0000,0.0007,0.0000,0.0000,0.0000,0.0000,0.0000,0.0000,0.0000,0.0000,0.0000,0.0000,0.0000,0.0004,0.0000,0.0000,0.0000,0.0000,0.0003,0.0000,0.0000,0.0000,0.0000,0.0000,0.0000,0.0000,0.0000,0.0000,0.0000,0.0000,0.0000,0.0000,0.0000,0.0000,0.0000,0.0000,0.0008,0.0000,0.0000,0.0006,0.0000,0.0000,0.0000,0.0004,0.0000,0.0000,0.0000,0.0000,0.0000,0.0000,0.0000,0.0000,0.0000,0.0000,0.0001,0.0000,0.0000,0.0000,0.0000,0.0000,0.0000,0.0000,0.0000,0.0000,0.0000,0.0009,0.0000,0.0001,0.0000,0.0000,0.0000,0.0000,0.0000,0.0002,0.0000,0.0000,0.0000,0.0000,0.0000,0.0006,0.0008,0.0000,0.0000,0.0000,0.0000,0.0000,0.0010,0.0000,0.0000,0.0000,0.0011,0.0000,0.0000,0.0000,0.0000,0.0000,0.0000,0.0000,0.0000,0.0000,0.0000,0.0000,0.0000,0.0000,0.0000,0.0000
Blood_NK,0.0352,0.0333,0.0346,0.0331,0.0296,0.0352,0.0361,0.0339,0.0302,0.0319,0.0323,0.0277,0.0361,0.0348,0.0373,0.0321,0.0317,0.0328,0.0386,0.0370,0.0369,0.0374,0.0342,0.0312,0.0355,0.0360,0.0333,0.0345,0.0338,0.0315,0.0331,0.0363,0.0297,0.0341,0.0353,0.0290,0.0354,0.0352,0.0309,0.0346,0.0312,0.0260,0.0340,0.0310,0.0369,0.0316,0.0354,0.0331,0.0349,0.0303,0.0339,0.0354,0.0362,0.0284,0.0295,0.0365,0.0356,0.0356,0.0364,0.0276,0.0361,0.0328,0.0346,0.0350,0.0344,0.0270,0.0331,0.0320,0.0335,0.0342,0.0351,0.0337,0.0355,0.0347,0.0341,0.0340,0.0344,0.0320,0.0377,0.0345,0.0329,0.0337,0.0371,0.0288,0.0370,0.0327,0.0337,0.0324,0.0329,0.0311,0.0346,0.0322,0.0299,0.0342,0.0343,0.0290,0.0323,0.0364,0.0325,0.0336,0.0341,0.0346,0.0341,0.0319,0.0309,0.0364,0.0365,0.0331,0.0326,0.0355,0.0349,0.0329,0.0333,0.0300,0.0338,0.0360,0.0360,0.0361,0.0338,0.0310,0.0340,0.0363,0.0338,0.0345,0.0372,0.0299,0.0326,0.0335,0.0371,0.0338,0.0354,0.0329,0.0362,0.0325,0.0372,0.0315,0.0360,0.0296,0.0296,0.0341,0.0353,0.0339,0.0339,0.0342,0.0342,0.0360,0.0350,0.0352,0.0349,0.0332,0.0319,0.0340,0.0362,0.0322,0.0345,0.0304,0.0305,0.0304,0.0345,0.0347,0.0356,0.0282,0.0339,0.0354,0.0337,0.0289,0.0334,0.0327,0.0321,0.0336,0.0353,0.0356,0.0317,0.0288,0.0306,0.0326,0.0363,0.0353,0.0362,0.0324
